config,seed,pattern,level,repeat,f1,auc
full_model,0,rgb,0.0,0,0.8,0.8611111111111112
full_model,0,rgb,0.0,1,0.8,0.8611111111111112
full_model,0,rgb,0.0,2,0.8,0.8611111111111112
full_model,0,rgb,0.0,3,0.8,0.8611111111111112
full_model,0,rgb,0.0,4,0.8,0.8611111111111112
full_model,0,rgb,0.1,0,0.8,0.8611111111111112
full_model,0,rgb,0.1,1,0.8571428571428571,0.8333333333333334
full_model,0,rgb,0.1,2,0.75,0.8333333333333335
full_model,0,rgb,0.1,3,0.75,0.8333333333333334
full_model,0,rgb,0.1,4,0.8,0.8611111111111112
full_model,0,rgb,0.2,0,0.8,0.8611111111111112
full_model,0,rgb,0.2,1,0.75,0.8055555555555556
full_model,0,rgb,0.2,2,0.75,0.8611111111111112
full_model,0,rgb,0.2,3,0.7058823529411765,0.8333333333333335
full_model,0,rgb,0.2,4,0.8,0.8611111111111112
full_model,0,rgb,0.3,0,0.8,0.8611111111111112
full_model,0,rgb,0.3,1,0.7058823529411765,0.8055555555555556
full_model,0,rgb,0.3,2,0.75,0.8333333333333335
full_model,0,rgb,0.3,3,0.8,0.8333333333333334
full_model,0,rgb,0.3,4,0.75,0.8611111111111112
full_model,0,rgb,0.4,0,0.75,0.8611111111111112
full_model,0,rgb,0.4,1,0.7058823529411765,0.7777777777777779
full_model,0,rgb,0.4,2,0.8,0.8333333333333334
full_model,0,rgb,0.4,3,0.7058823529411765,0.8333333333333334
full_model,0,rgb,0.4,4,0.8,0.8333333333333335
full_model,0,rgb,0.5,0,0.75,0.8055555555555556
full_model,0,rgb,0.5,1,0.75,0.8055555555555556
full_model,0,rgb,0.5,2,0.75,0.8333333333333335
full_model,0,rgb,0.5,3,0.75,0.8055555555555556
full_model,0,rgb,0.5,4,0.7058823529411765,0.8055555555555556
full_model,0,ir,0.0,0,0.8,0.8611111111111112
full_model,0,ir,0.0,1,0.8,0.8611111111111112
full_model,0,ir,0.0,2,0.8,0.8611111111111112
full_model,0,ir,0.0,3,0.8,0.8611111111111112
full_model,0,ir,0.0,4,0.8,0.8611111111111112
full_model,0,ir,0.1,0,0.8,0.8611111111111112
full_model,0,ir,0.1,1,0.8,0.8333333333333335
full_model,0,ir,0.1,2,0.75,0.8611111111111112
full_model,0,ir,0.1,3,0.8,0.8333333333333334
full_model,0,ir,0.1,4,0.8,0.8611111111111112
full_model,0,ir,0.2,0,0.8,0.8055555555555556
full_model,0,ir,0.2,1,0.8,0.8611111111111112
full_model,0,ir,0.2,2,0.8,0.8055555555555556
full_model,0,ir,0.2,3,0.8,0.8333333333333335
full_model,0,ir,0.2,4,0.8,0.8611111111111112
full_model,0,ir,0.3,0,0.75,0.75
full_model,0,ir,0.3,1,0.8,0.8055555555555556
full_model,0,ir,0.3,2,0.8,0.8611111111111112
full_model,0,ir,0.3,3,0.8,0.8611111111111112
full_model,0,ir,0.3,4,0.8,0.9444444444444444
full_model,0,ir,0.4,0,0.8,0.888888888888889
full_model,0,ir,0.4,1,0.8,0.9444444444444444
full_model,0,ir,0.4,2,0.75,0.888888888888889
full_model,0,ir,0.4,3,0.8,0.8333333333333335
full_model,0,ir,0.4,4,0.75,0.8333333333333334
full_model,0,ir,0.5,0,0.75,0.9166666666666667
full_model,0,ir,0.5,1,0.8,0.9722222222222223
full_model,0,ir,0.5,2,0.8,0.9444444444444445
full_model,0,ir,0.5,3,0.8,0.888888888888889
full_model,0,ir,0.5,4,0.8,0.9444444444444445
full_model,0,gas,0.0,0,0.8,0.8611111111111112
full_model,0,gas,0.0,1,0.8,0.8611111111111112
full_model,0,gas,0.0,2,0.8,0.8611111111111112
full_model,0,gas,0.0,3,0.8,0.8611111111111112
full_model,0,gas,0.0,4,0.8,0.8611111111111112
full_model,0,gas,0.1,0,0.75,0.8611111111111112
full_model,0,gas,0.1,1,0.8,0.8611111111111112
full_model,0,gas,0.1,2,0.8,0.8611111111111112
full_model,0,gas,0.1,3,0.8,0.8611111111111112
full_model,0,gas,0.1,4,0.75,0.8611111111111112
full_model,0,gas,0.2,0,0.8,0.8611111111111112
full_model,0,gas,0.2,1,0.8,0.9166666666666667
full_model,0,gas,0.2,2,0.8571428571428571,0.9166666666666667
full_model,0,gas,0.2,3,0.75,0.8611111111111112
full_model,0,gas,0.2,4,0.8,0.8611111111111112
full_model,0,gas,0.3,0,0.75,0.9166666666666667
full_model,0,gas,0.3,1,0.8,0.8611111111111112
full_model,0,gas,0.3,2,0.75,0.8611111111111112
full_model,0,gas,0.3,3,0.75,0.8611111111111112
full_model,0,gas,0.3,4,0.8,0.8611111111111112
full_model,0,gas,0.4,0,0.75,0.8611111111111112
full_model,0,gas,0.4,1,0.75,0.9166666666666667
full_model,0,gas,0.4,2,0.8,0.8611111111111112
full_model,0,gas,0.4,3,0.75,0.8611111111111112
full_model,0,gas,0.4,4,0.8,0.888888888888889
full_model,0,gas,0.5,0,0.8571428571428571,0.888888888888889
full_model,0,gas,0.5,1,0.8,0.8611111111111112
full_model,0,gas,0.5,2,0.8571428571428571,0.888888888888889
full_model,0,gas,0.5,3,0.8,0.888888888888889
full_model,0,gas,0.5,4,0.8,0.8611111111111112
full_model,0,joint,0.0,0,0.8,0.8611111111111112
full_model,0,joint,0.0,1,0.8,0.8611111111111112
full_model,0,joint,0.0,2,0.8,0.8611111111111112
full_model,0,joint,0.0,3,0.8,0.8611111111111112
full_model,0,joint,0.0,4,0.8,0.8611111111111112
full_model,0,joint,0.1,0,0.8,0.8611111111111112
full_model,0,joint,0.1,1,0.8,0.8333333333333335
full_model,0,joint,0.1,2,0.75,0.7777777777777779
full_model,0,joint,0.1,3,0.75,0.9444444444444444
full_model,0,joint,0.1,4,0.8,0.8333333333333335
full_model,0,joint,0.2,0,0.8,0.8333333333333334
full_model,0,joint,0.2,1,0.8,0.8333333333333334
full_model,0,joint,0.2,2,0.8,0.8333333333333335
full_model,0,joint,0.2,3,0.8,0.8333333333333335
full_model,0,joint,0.2,4,0.8,0.8611111111111112
full_model,0,joint,0.3,0,0.8571428571428571,0.8055555555555556
full_model,0,joint,0.3,1,0.7058823529411765,0.8611111111111112
full_model,0,joint,0.3,2,0.75,0.888888888888889
full_model,0,joint,0.3,3,0.6666666666666666,0.8333333333333335
full_model,0,joint,0.3,4,0.8571428571428571,0.8055555555555556
full_model,0,joint,0.4,0,0.75,0.7500000000000001
full_model,0,joint,0.4,1,0.8,0.6388888888888888
full_model,0,joint,0.4,2,0.75,0.7222222222222222
full_model,0,joint,0.4,3,0.75,0.6666666666666667
full_model,0,joint,0.4,4,0.7142857142857143,0.7777777777777778
full_model,0,joint,0.5,0,0.75,0.8055555555555556
full_model,0,joint,0.5,1,0.8571428571428571,1.0
full_model,0,joint,0.5,2,0.7058823529411765,0.7777777777777778
full_model,0,joint,0.5,3,0.8571428571428571,0.875
full_model,0,joint,0.5,4,0.5882352941176471,0.5
full_model,1,rgb,0.0,0,0.7058823529411765,0.8055555555555556
full_model,1,rgb,0.0,1,0.7058823529411765,0.8055555555555556
full_model,1,rgb,0.0,2,0.7058823529411765,0.8055555555555556
full_model,1,rgb,0.0,3,0.7058823529411765,0.8055555555555556
full_model,1,rgb,0.0,4,0.7058823529411765,0.8055555555555556
full_model,1,rgb,0.1,0,0.7058823529411765,0.8055555555555556
full_model,1,rgb,0.1,1,0.7058823529411765,0.8055555555555556
full_model,1,rgb,0.1,2,0.75,0.8333333333333335
full_model,1,rgb,0.1,3,0.7058823529411765,0.8055555555555556
full_model,1,rgb,0.1,4,0.7058823529411765,0.75
full_model,1,rgb,0.2,0,0.625,0.7500000000000001
full_model,1,rgb,0.2,1,0.6666666666666666,0.6111111111111112
full_model,1,rgb,0.2,2,0.75,0.8333333333333335
full_model,1,rgb,0.2,3,0.625,0.6666666666666666
full_model,1,rgb,0.2,4,0.6666666666666666,0.6944444444444444
full_model,1,rgb,0.3,0,0.5333333333333333,0.5555555555555556
full_model,1,rgb,0.3,1,0.46153846153846156,0.4444444444444444
full_model,1,rgb,0.3,2,0.5,0.4444444444444445
full_model,1,rgb,0.3,3,0.7058823529411765,0.8055555555555556
full_model,1,rgb,0.3,4,0.6666666666666666,0.6388888888888888
full_model,1,rgb,0.4,0,0.4,0.4166666666666667
full_model,1,rgb,0.4,1,0.625,0.6944444444444445
full_model,1,rgb,0.4,2,0.6666666666666666,0.7500000000000001
full_model,1,rgb,0.4,3,0.75,0.8055555555555556
full_model,1,rgb,0.4,4,0.7142857142857143,0.8611111111111112
full_model,1,rgb,0.5,0,0.6666666666666666,0.7222222222222223
full_model,1,rgb,0.5,1,0.5333333333333333,0.6111111111111112
full_model,1,rgb,0.5,2,0.5714285714285714,0.5833333333333333
full_model,1,rgb,0.5,3,0.42857142857142855,0.5277777777777777
full_model,1,rgb,0.5,4,0.7142857142857143,0.7222222222222223
full_model,1,ir,0.0,0,0.7058823529411765,0.8055555555555556
full_model,1,ir,0.0,1,0.7058823529411765,0.8055555555555556
full_model,1,ir,0.0,2,0.7058823529411765,0.8055555555555556
full_model,1,ir,0.0,3,0.7058823529411765,0.8055555555555556
full_model,1,ir,0.0,4,0.7058823529411765,0.8055555555555556
full_model,1,ir,0.1,0,0.7058823529411765,0.8055555555555556
full_model,1,ir,0.1,1,0.7058823529411765,0.8055555555555556
full_model,1,ir,0.1,2,0.6666666666666666,0.8055555555555556
full_model,1,ir,0.1,3,0.6666666666666666,0.7222222222222223
full_model,1,ir,0.1,4,0.6666666666666666,0.8055555555555556
full_model,1,ir,0.2,0,0.7058823529411765,0.75
full_model,1,ir,0.2,1,0.6666666666666666,0.8611111111111112
full_model,1,ir,0.2,2,0.7058823529411765,0.75
full_model,1,ir,0.2,3,0.6666666666666666,0.8055555555555556
full_model,1,ir,0.2,4,0.6666666666666666,0.6944444444444445
full_model,1,ir,0.3,0,0.7058823529411765,0.8055555555555556
full_model,1,ir,0.3,1,0.7058823529411765,0.7222222222222223
full_model,1,ir,0.3,2,0.6666666666666666,0.7222222222222223
full_model,1,ir,0.3,3,0.7058823529411765,0.7222222222222223
full_model,1,ir,0.3,4,0.7058823529411765,0.6111111111111112
full_model,1,ir,0.4,0,0.7058823529411765,0.75
full_model,1,ir,0.4,1,0.6666666666666666,0.6944444444444444
full_model,1,ir,0.4,2,0.6666666666666666,0.6944444444444444
full_model,1,ir,0.4,3,0.6666666666666666,0.75
full_model,1,ir,0.4,4,0.7058823529411765,0.8055555555555556
full_model,1,ir,0.5,0,0.6666666666666666,0.7222222222222222
full_model,1,ir,0.5,1,0.6666666666666666,0.8333333333333334
full_model,1,ir,0.5,2,0.6666666666666666,0.8333333333333335
full_model,1,ir,0.5,3,0.7058823529411765,0.8333333333333334
full_model,1,ir,0.5,4,0.7058823529411765,0.6944444444444445
full_model,1,gas,0.0,0,0.7058823529411765,0.8055555555555556
full_model,1,gas,0.0,1,0.7058823529411765,0.8055555555555556
full_model,1,gas,0.0,2,0.7058823529411765,0.8055555555555556
full_model,1,gas,0.0,3,0.7058823529411765,0.8055555555555556
full_model,1,gas,0.0,4,0.7058823529411765,0.8055555555555556
full_model,1,gas,0.1,0,0.7058823529411765,0.8055555555555556
full_model,1,gas,0.1,1,0.625,0.6944444444444446
full_model,1,gas,0.1,2,0.75,0.8333333333333335
full_model,1,gas,0.1,3,0.75,0.8055555555555556
full_model,1,gas,0.1,4,0.7058823529411765,0.8055555555555556
full_model,1,gas,0.2,0,0.6666666666666666,0.9444444444444445
full_model,1,gas,0.2,1,0.625,0.7500000000000001
full_model,1,gas,0.2,2,0.7058823529411765,0.8333333333333335
full_model,1,gas,0.2,3,0.75,0.8333333333333335
full_model,1,gas,0.2,4,0.5882352941176471,0.7777777777777779
full_model,1,gas,0.3,0,0.8,0.9722222222222223
full_model,1,gas,0.3,1,0.6666666666666666,0.6944444444444446
full_model,1,gas,0.3,2,0.75,0.8055555555555556
full_model,1,gas,0.3,3,0.7058823529411765,0.7777777777777779
full_model,1,gas,0.3,4,0.6666666666666666,0.7500000000000001
full_model,1,gas,0.4,0,0.6153846153846154,0.6388888888888888
full_model,1,gas,0.4,1,0.625,0.6111111111111112
full_model,1,gas,0.4,2,0.7142857142857143,0.8333333333333334
full_model,1,gas,0.4,3,0.7142857142857143,0.7777777777777779
full_model,1,gas,0.4,4,0.75,0.8333333333333335
full_model,1,gas,0.5,0,0.7142857142857143,0.8055555555555556
full_model,1,gas,0.5,1,0.5,0.6111111111111112
full_model,1,gas,0.5,2,0.6666666666666666,0.7222222222222222
full_model,1,gas,0.5,3,0.6666666666666666,0.7222222222222221
full_model,1,gas,0.5,4,0.5,0.638888888888889
full_model,1,joint,0.0,0,0.7058823529411765,0.8055555555555556
full_model,1,joint,0.0,1,0.7058823529411765,0.8055555555555556
full_model,1,joint,0.0,2,0.7058823529411765,0.8055555555555556
full_model,1,joint,0.0,3,0.7058823529411765,0.8055555555555556
full_model,1,joint,0.0,4,0.7058823529411765,0.8055555555555556
full_model,1,joint,0.1,0,0.5882352941176471,0.6666666666666667
full_model,1,joint,0.1,1,0.7058823529411765,0.75
full_model,1,joint,0.1,2,0.75,0.8055555555555556
full_model,1,joint,0.1,3,0.7058823529411765,0.8055555555555556
full_model,1,joint,0.1,4,0.7058823529411765,0.8333333333333334
full_model,1,joint,0.2,0,0.7142857142857143,0.8055555555555557
full_model,1,joint,0.2,1,0.625,0.5277777777777778
full_model,1,joint,0.2,2,0.46153846153846156,0.49999999999999994
full_model,1,joint,0.2,3,0.5714285714285714,0.7222222222222222
full_model,1,joint,0.2,4,0.42857142857142855,0.5
full_model,1,joint,0.3,0,0.6666666666666666,0.888888888888889
full_model,1,joint,0.3,1,0.42857142857142855,0.5
full_model,1,joint,0.3,2,0.6666666666666666,0.6666666666666667
full_model,1,joint,0.3,3,0.46153846153846156,0.6111111111111112
full_model,1,joint,0.3,4,0.42857142857142855,0.5
full_model,1,joint,0.4,0,0.7692307692307693,0.9444444444444445
full_model,1,joint,0.4,1,0.46153846153846156,0.4444444444444444
full_model,1,joint,0.4,2,0.6666666666666666,0.6666666666666667
full_model,1,joint,0.4,3,0.36363636363636365,0.4722222222222222
full_model,1,joint,0.4,4,0.5333333333333333,0.5
full_model,1,joint,0.5,0,0.46153846153846156,0.5555555555555556
full_model,1,joint,0.5,1,0.6666666666666666,0.6666666666666667
full_model,1,joint,0.5,2,0.5454545454545454,0.5555555555555556
full_model,1,joint,0.5,3,0.5,0.5555555555555556
full_model,1,joint,0.5,4,0.625,0.5
full_model,2,rgb,0.0,0,0.6666666666666666,0.8611111111111112
full_model,2,rgb,0.0,1,0.6666666666666666,0.8611111111111112
full_model,2,rgb,0.0,2,0.6666666666666666,0.8611111111111112
full_model,2,rgb,0.0,3,0.6666666666666666,0.8611111111111112
full_model,2,rgb,0.0,4,0.6666666666666666,0.8611111111111112
full_model,2,rgb,0.1,0,0.6666666666666666,0.8611111111111112
full_model,2,rgb,0.1,1,0.6666666666666666,0.8611111111111112
full_model,2,rgb,0.1,2,0.6666666666666666,0.8611111111111112
full_model,2,rgb,0.1,3,0.6666666666666666,0.8611111111111112
full_model,2,rgb,0.1,4,0.7142857142857143,0.8333333333333334
full_model,2,rgb,0.2,0,0.6666666666666666,0.8055555555555557
full_model,2,rgb,0.2,1,0.7142857142857143,0.8611111111111112
full_model,2,rgb,0.2,2,0.6666666666666666,0.8611111111111112
full_model,2,rgb,0.2,3,0.6153846153846154,0.8055555555555556
full_model,2,rgb,0.2,4,0.7142857142857143,0.888888888888889
full_model,2,rgb,0.3,0,0.7142857142857143,0.8611111111111112
full_model,2,rgb,0.3,1,0.5333333333333333,0.6666666666666666
full_model,2,rgb,0.3,2,0.7142857142857143,0.8333333333333334
full_model,2,rgb,0.3,3,0.6666666666666666,0.8333333333333334
full_model,2,rgb,0.3,4,0.7692307692307693,0.9166666666666667
full_model,2,rgb,0.4,0,0.7142857142857143,0.8333333333333334
full_model,2,rgb,0.4,1,0.6666666666666666,0.8611111111111112
full_model,2,rgb,0.4,2,0.6666666666666666,0.8055555555555556
full_model,2,rgb,0.4,3,0.7692307692307693,0.8611111111111112
full_model,2,rgb,0.4,4,0.6666666666666666,0.8055555555555556
full_model,2,rgb,0.5,0,0.5333333333333333,0.6666666666666666
full_model,2,rgb,0.5,1,0.5714285714285714,0.6666666666666666
full_model,2,rgb,0.5,2,0.5714285714285714,0.7222222222222222
full_model,2,rgb,0.5,3,0.6666666666666666,0.8333333333333334
full_model,2,rgb,0.5,4,0.6153846153846154,0.8055555555555556
full_model,2,ir,0.0,0,0.6666666666666666,0.8611111111111112
full_model,2,ir,0.0,1,0.6666666666666666,0.8611111111111112
full_model,2,ir,0.0,2,0.6666666666666666,0.8611111111111112
full_model,2,ir,0.0,3,0.6666666666666666,0.8611111111111112
full_model,2,ir,0.0,4,0.6666666666666666,0.8611111111111112
full_model,2,ir,0.1,0,0.6666666666666666,0.8611111111111112
full_model,2,ir,0.1,1,0.7142857142857143,0.888888888888889
full_model,2,ir,0.1,2,0.6666666666666666,0.8611111111111112
full_model,2,ir,0.1,3,0.7142857142857143,0.888888888888889
full_model,2,ir,0.1,4,0.6666666666666666,0.8611111111111112
full_model,2,ir,0.2,0,0.7142857142857143,0.8333333333333334
full_model,2,ir,0.2,1,0.7142857142857143,0.8611111111111112
full_model,2,ir,0.2,2,0.6666666666666666,0.8611111111111112
full_model,2,ir,0.2,3,0.6666666666666666,0.8611111111111112
full_model,2,ir,0.2,4,0.7142857142857143,0.8611111111111112
full_model,2,ir,0.3,0,0.5714285714285714,0.7222222222222222
full_model,2,ir,0.3,1,0.6666666666666666,0.8333333333333334
full_model,2,ir,0.3,2,0.6153846153846154,0.8055555555555556
full_model,2,ir,0.3,3,0.7692307692307693,0.9166666666666667
full_model,2,ir,0.3,4,0.7142857142857143,0.8055555555555556
full_model,2,ir,0.4,0,0.7142857142857143,0.888888888888889
full_model,2,ir,0.4,1,0.7272727272727273,0.8611111111111112
full_model,2,ir,0.4,2,0.7692307692307693,0.9166666666666667
full_model,2,ir,0.4,3,0.6153846153846154,0.8055555555555556
full_model,2,ir,0.4,4,0.8333333333333334,0.9444444444444445
full_model,2,ir,0.5,0,0.6666666666666666,0.75
full_model,2,ir,0.5,1,0.7692307692307693,0.7777777777777778
full_model,2,ir,0.5,2,0.7272727272727273,0.8055555555555556
full_model,2,ir,0.5,3,0.6153846153846154,0.7777777777777778
full_model,2,ir,0.5,4,0.6666666666666666,0.8055555555555555
full_model,2,gas,0.0,0,0.6666666666666666,0.8611111111111112
full_model,2,gas,0.0,1,0.6666666666666666,0.8611111111111112
full_model,2,gas,0.0,2,0.6666666666666666,0.8611111111111112
full_model,2,gas,0.0,3,0.6666666666666666,0.8611111111111112
full_model,2,gas,0.0,4,0.6666666666666666,0.8611111111111112
full_model,2,gas,0.1,0,0.7142857142857143,0.8333333333333334
full_model,2,gas,0.1,1,0.6666666666666666,0.8611111111111112
full_model,2,gas,0.1,2,0.7692307692307693,0.8333333333333334
full_model,2,gas,0.1,3,0.6666666666666666,0.8333333333333334
full_model,2,gas,0.1,4,0.6666666666666666,0.8333333333333334
full_model,2,gas,0.2,0,0.6666666666666666,0.8611111111111112
full_model,2,gas,0.2,1,0.6666666666666666,0.8611111111111112
full_model,2,gas,0.2,2,0.7142857142857143,0.888888888888889
full_model,2,gas,0.2,3,0.6666666666666666,0.8611111111111112
full_model,2,gas,0.2,4,0.6666666666666666,0.8611111111111112
full_model,2,gas,0.3,0,0.7142857142857143,0.8611111111111112
full_model,2,gas,0.3,1,0.6666666666666666,0.7777777777777778
full_model,2,gas,0.3,2,0.7692307692307693,0.8333333333333334
full_model,2,gas,0.3,3,0.7142857142857143,0.8333333333333334
full_model,2,gas,0.3,4,0.7692307692307693,0.8611111111111112
full_model,2,gas,0.4,0,0.7142857142857143,0.8333333333333334
full_model,2,gas,0.4,1,0.6666666666666666,0.888888888888889
full_model,2,gas,0.4,2,0.6666666666666666,0.8611111111111112
full_model,2,gas,0.4,3,0.6666666666666666,0.8333333333333334
full_model,2,gas,0.4,4,0.6666666666666666,0.8055555555555555
full_model,2,gas,0.5,0,0.6666666666666666,0.8611111111111112
full_model,2,gas,0.5,1,0.6666666666666666,0.888888888888889
full_model,2,gas,0.5,2,0.6666666666666666,0.8333333333333334
full_model,2,gas,0.5,3,0.7692307692307693,0.8611111111111112
full_model,2,gas,0.5,4,0.7142857142857143,0.8333333333333334
full_model,2,joint,0.0,0,0.6666666666666666,0.8611111111111112
full_model,2,joint,0.0,1,0.6666666666666666,0.8611111111111112
full_model,2,joint,0.0,2,0.6666666666666666,0.8611111111111112
full_model,2,joint,0.0,3,0.6666666666666666,0.8611111111111112
full_model,2,joint,0.0,4,0.6666666666666666,0.8611111111111112
full_model,2,joint,0.1,0,0.6666666666666666,0.8611111111111112
full_model,2,joint,0.1,1,0.6666666666666666,0.7500000000000001
full_model,2,joint,0.1,2,0.7692307692307693,0.8055555555555557
full_model,2,joint,0.1,3,0.6666666666666666,0.8611111111111112
full_model,2,joint,0.1,4,0.7142857142857143,0.888888888888889
full_model,2,joint,0.2,0,0.625,0.6666666666666667
full_model,2,joint,0.2,1,0.7142857142857143,0.8611111111111112
full_model,2,joint,0.2,2,0.5714285714285714,0.6666666666666666
full_model,2,joint,0.2,3,0.7142857142857143,0.8611111111111112
full_model,2,joint,0.2,4,0.8333333333333334,0.888888888888889
full_model,2,joint,0.3,0,0.6153846153846154,0.6944444444444444
full_model,2,joint,0.3,1,0.6153846153846154,0.6111111111111112
full_model,2,joint,0.3,2,0.7142857142857143,0.8611111111111112
full_model,2,joint,0.3,3,0.6153846153846154,0.7777777777777778
full_model,2,joint,0.3,4,0.5333333333333333,0.5277777777777777
full_model,2,joint,0.4,0,0.7692307692307693,0.9166666666666667
full_model,2,joint,0.4,1,0.7692307692307693,0.8611111111111112
full_model,2,joint,0.4,2,0.42857142857142855,0.33333333333333337
full_model,2,joint,0.4,3,0.6666666666666666,0.8611111111111112
full_model,2,joint,0.4,4,0.36363636363636365,0.6111111111111112
full_model,2,joint,0.5,0,0.6,0.8333333333333334
full_model,2,joint,0.5,1,0.5333333333333333,0.5555555555555556
full_model,2,joint,0.5,2,0.6153846153846154,0.6944444444444444
full_model,2,joint,0.5,3,0.7142857142857143,0.6944444444444445
full_model,2,joint,0.5,4,0.7142857142857143,0.6666666666666667
full_model,3,rgb,0.0,0,0.6,0.8333333333333334
full_model,3,rgb,0.0,1,0.6,0.8333333333333334
full_model,3,rgb,0.0,2,0.6,0.8333333333333334
full_model,3,rgb,0.0,3,0.6,0.8333333333333334
full_model,3,rgb,0.0,4,0.6,0.8333333333333334
full_model,3,rgb,0.1,0,0.6,0.8333333333333334
full_model,3,rgb,0.1,1,0.4444444444444444,0.8333333333333334
full_model,3,rgb,0.1,2,0.6,0.7222222222222222
full_model,3,rgb,0.1,3,0.6,0.8333333333333334
full_model,3,rgb,0.1,4,0.4444444444444444,0.75
full_model,3,rgb,0.2,0,0.4444444444444444,0.7777777777777779
full_model,3,rgb,0.2,1,0.6,0.8333333333333334
full_model,3,rgb,0.2,2,0.4444444444444444,0.75
full_model,3,rgb,0.2,3,0.4444444444444444,0.75
full_model,3,rgb,0.2,4,0.6,0.75
full_model,3,rgb,0.3,0,0.4444444444444444,0.6944444444444444
full_model,3,rgb,0.3,1,0.25,0.6666666666666667
full_model,3,rgb,0.3,2,0.6,0.8333333333333334
full_model,3,rgb,0.3,3,0.25,0.5
full_model,3,rgb,0.3,4,0.4444444444444444,0.6666666666666667
full_model,3,rgb,0.4,0,0.4444444444444444,0.75
full_model,3,rgb,0.4,1,0.0,0.5555555555555556
full_model,3,rgb,0.4,2,0.25,0.6111111111111112
full_model,3,rgb,0.4,3,0.4444444444444444,0.5
full_model,3,rgb,0.4,4,0.25,0.3055555555555556
full_model,3,rgb,0.5,0,0.25,0.5555555555555556
full_model,3,rgb,0.5,1,0.6,0.5833333333333334
full_model,3,rgb,0.5,2,0.6,0.638888888888889
full_model,3,rgb,0.5,3,0.25,0.3888888888888889
full_model,3,rgb,0.5,4,0.4444444444444444,0.6111111111111112
full_model,3,ir,0.0,0,0.6,0.8333333333333334
full_model,3,ir,0.0,1,0.6,0.8333333333333334
full_model,3,ir,0.0,2,0.6,0.8333333333333334
full_model,3,ir,0.0,3,0.6,0.8333333333333334
full_model,3,ir,0.0,4,0.6,0.8333333333333334
full_model,3,ir,0.1,0,0.6,0.7500000000000001
full_model,3,ir,0.1,1,0.6,0.8333333333333334
full_model,3,ir,0.1,2,0.6,0.8333333333333334
full_model,3,ir,0.1,3,0.6,0.7500000000000001
full_model,3,ir,0.1,4,0.6,0.7500000000000001
full_model,3,ir,0.2,0,0.6,0.8333333333333334
full_model,3,ir,0.2,1,0.7272727272727273,0.8333333333333334
full_model,3,ir,0.2,2,0.6,0.8333333333333334
full_model,3,ir,0.2,3,0.6,0.8333333333333334
full_model,3,ir,0.2,4,0.6,0.8333333333333334
full_model,3,ir,0.3,0,0.6,0.7500000000000001
full_model,3,ir,0.3,1,0.6,0.7500000000000001
full_model,3,ir,0.3,2,0.6,0.7500000000000001
full_model,3,ir,0.3,3,0.6,0.8333333333333334
full_model,3,ir,0.3,4,0.4444444444444444,0.7222222222222223
full_model,3,ir,0.4,0,0.6,0.7500000000000001
full_model,3,ir,0.4,1,0.6,0.8333333333333334
full_model,3,ir,0.4,2,0.7272727272727273,0.7777777777777779
full_model,3,ir,0.4,3,0.7272727272727273,0.8333333333333334
full_model,3,ir,0.4,4,0.4444444444444444,0.8333333333333334
full_model,3,ir,0.5,0,0.6,0.8333333333333334
full_model,3,ir,0.5,1,0.7272727272727273,0.7777777777777779
full_model,3,ir,0.5,2,0.4444444444444444,0.8333333333333334
full_model,3,ir,0.5,3,0.7272727272727273,0.8333333333333334
full_model,3,ir,0.5,4,0.6,0.7500000000000001
full_model,3,gas,0.0,0,0.6,0.8333333333333334
full_model,3,gas,0.0,1,0.6,0.8333333333333334
full_model,3,gas,0.0,2,0.6,0.8333333333333334
full_model,3,gas,0.0,3,0.6,0.8333333333333334
full_model,3,gas,0.0,4,0.6,0.8333333333333334
full_model,3,gas,0.1,0,0.6,0.8333333333333334
full_model,3,gas,0.1,1,0.6,0.8333333333333334
full_model,3,gas,0.1,2,0.6,0.8333333333333334
full_model,3,gas,0.1,3,0.6,0.8333333333333334
full_model,3,gas,0.1,4,0.4444444444444444,0.8333333333333334
full_model,3,gas,0.2,0,0.7272727272727273,0.8333333333333334
full_model,3,gas,0.2,1,0.6,0.8333333333333334
full_model,3,gas,0.2,2,0.6,0.8333333333333334
full_model,3,gas,0.2,3,0.6,0.8611111111111112
full_model,3,gas,0.2,4,0.6,0.8333333333333334
full_model,3,gas,0.3,0,0.6,0.8333333333333334
full_model,3,gas,0.3,1,0.7272727272727273,0.8333333333333334
full_model,3,gas,0.3,2,0.6,0.8333333333333334
full_model,3,gas,0.3,3,0.6,0.8333333333333334
full_model,3,gas,0.3,4,0.6,0.8333333333333334
full_model,3,gas,0.4,0,0.4444444444444444,0.888888888888889
full_model,3,gas,0.4,1,0.4444444444444444,0.8611111111111112
full_model,3,gas,0.4,2,0.6,0.8611111111111112
full_model,3,gas,0.4,3,0.6,0.8611111111111112
full_model,3,gas,0.4,4,0.4444444444444444,0.8333333333333334
full_model,3,gas,0.5,0,0.4444444444444444,0.8611111111111112
full_model,3,gas,0.5,1,0.4444444444444444,0.8333333333333334
full_model,3,gas,0.5,2,0.4444444444444444,0.8333333333333334
full_model,3,gas,0.5,3,0.7272727272727273,0.888888888888889
full_model,3,gas,0.5,4,0.6,0.8611111111111112
full_model,3,joint,0.0,0,0.6,0.8333333333333334
full_model,3,joint,0.0,1,0.6,0.8333333333333334
full_model,3,joint,0.0,2,0.6,0.8333333333333334
full_model,3,joint,0.0,3,0.6,0.8333333333333334
full_model,3,joint,0.0,4,0.6,0.8333333333333334
full_model,3,joint,0.1,0,0.4444444444444444,0.75
full_model,3,joint,0.1,1,0.6,0.8333333333333334
full_model,3,joint,0.1,2,0.4444444444444444,0.75
full_model,3,joint,0.1,3,0.7272727272727273,0.8333333333333334
full_model,3,joint,0.1,4,0.4444444444444444,0.8055555555555556
full_model,3,joint,0.2,0,0.6,0.7222222222222223
full_model,3,joint,0.2,1,0.36363636363636365,0.38888888888888895
full_model,3,joint,0.2,2,0.6,0.6666666666666666
full_model,3,joint,0.2,3,0.5454545454545454,0.638888888888889
full_model,3,joint,0.2,4,0.6,0.75
full_model,3,joint,0.3,0,0.4444444444444444,0.6666666666666667
full_model,3,joint,0.3,1,0.6,0.4722222222222222
full_model,3,joint,0.3,2,0.0,0.3888888888888889
full_model,3,joint,0.3,3,0.4,0.5833333333333334
full_model,3,joint,0.3,4,0.4,0.5972222222222222
full_model,3,joint,0.4,0,0.4,0.41666666666666663
full_model,3,joint,0.4,1,0.4,0.7222222222222223
full_model,3,joint,0.4,2,0.6,0.6666666666666667
full_model,3,joint,0.4,3,0.5454545454545454,0.5138888888888888
full_model,3,joint,0.4,4,0.6,0.638888888888889
full_model,3,joint,0.5,0,0.5,0.4166666666666667
full_model,3,joint,0.5,1,0.5454545454545454,0.7222222222222223
full_model,3,joint,0.5,2,0.4444444444444444,0.6388888888888888
full_model,3,joint,0.5,3,0.25,0.8055555555555556
full_model,3,joint,0.5,4,0.6666666666666666,0.6388888888888891
full_model,4,rgb,0.0,0,0.75,0.7777777777777778
full_model,4,rgb,0.0,1,0.75,0.7777777777777778
full_model,4,rgb,0.0,2,0.75,0.7777777777777778
full_model,4,rgb,0.0,3,0.75,0.7777777777777778
full_model,4,rgb,0.0,4,0.75,0.7777777777777778
full_model,4,rgb,0.1,0,0.75,0.7777777777777778
full_model,4,rgb,0.1,1,0.75,0.8055555555555556
full_model,4,rgb,0.1,2,0.75,0.75
full_model,4,rgb,0.1,3,0.75,0.6666666666666667
full_model,4,rgb,0.1,4,0.75,0.7777777777777778
full_model,4,rgb,0.2,0,0.75,0.75
full_model,4,rgb,0.2,1,0.75,0.7222222222222223
full_model,4,rgb,0.2,2,0.75,0.6666666666666667
full_model,4,rgb,0.2,3,0.75,0.7222222222222223
full_model,4,rgb,0.2,4,0.75,0.5833333333333334
full_model,4,rgb,0.3,0,0.75,0.6111111111111112
full_model,4,rgb,0.3,1,0.7058823529411765,0.6666666666666667
full_model,4,rgb,0.3,2,0.75,0.8333333333333334
full_model,4,rgb,0.3,3,0.7058823529411765,0.8333333333333335
full_model,4,rgb,0.3,4,0.75,0.8055555555555556
full_model,4,rgb,0.4,0,0.75,0.6944444444444444
full_model,4,rgb,0.4,1,0.7058823529411765,0.7777777777777778
full_model,4,rgb,0.4,2,0.75,0.5833333333333334
full_model,4,rgb,0.4,3,0.75,0.6944444444444444
full_model,4,rgb,0.4,4,0.7058823529411765,0.6666666666666667
full_model,4,rgb,0.5,0,0.7058823529411765,0.6388888888888888
full_model,4,rgb,0.5,1,0.75,0.8055555555555556
full_model,4,rgb,0.5,2,0.75,0.7500000000000001
full_model,4,rgb,0.5,3,0.75,0.7222222222222223
full_model,4,rgb,0.5,4,0.7058823529411765,0.638888888888889
full_model,4,ir,0.0,0,0.75,0.7777777777777778
full_model,4,ir,0.0,1,0.75,0.7777777777777778
full_model,4,ir,0.0,2,0.75,0.7777777777777778
full_model,4,ir,0.0,3,0.75,0.7777777777777778
full_model,4,ir,0.0,4,0.75,0.7777777777777778
full_model,4,ir,0.1,0,0.75,0.7777777777777778
full_model,4,ir,0.1,1,0.6666666666666666,0.6944444444444444
full_model,4,ir,0.1,2,0.7142857142857143,0.8333333333333334
full_model,4,ir,0.1,3,0.6666666666666666,0.7222222222222222
full_model,4,ir,0.1,4,0.75,0.7777777777777778
full_model,4,ir,0.2,0,0.6666666666666666,0.8333333333333334
full_model,4,ir,0.2,1,0.6666666666666666,0.6388888888888888
full_model,4,ir,0.2,2,0.75,0.75
full_model,4,ir,0.2,3,0.5714285714285714,0.638888888888889
full_model,4,ir,0.2,4,0.7142857142857143,0.7222222222222223
full_model,4,ir,0.3,0,0.8,0.8055555555555556
full_model,4,ir,0.3,1,0.7142857142857143,0.8055555555555556
full_model,4,ir,0.3,2,0.75,0.75
full_model,4,ir,0.3,3,0.75,0.888888888888889
full_model,4,ir,0.3,4,0.7142857142857143,0.7222222222222223
full_model,4,ir,0.4,0,0.75,0.7777777777777778
full_model,4,ir,0.4,1,0.6153846153846154,0.6666666666666667
full_model,4,ir,0.4,2,0.6666666666666666,0.6666666666666667
full_model,4,ir,0.4,3,0.7142857142857143,0.75
full_model,4,ir,0.4,4,0.6153846153846154,0.7222222222222222
full_model,4,ir,0.5,0,0.8,0.8055555555555556
full_model,4,ir,0.5,1,0.8,0.888888888888889
full_model,4,ir,0.5,2,0.8,0.8611111111111112
full_model,4,ir,0.5,3,0.6666666666666666,0.6666666666666667
full_model,4,ir,0.5,4,0.6666666666666666,0.7777777777777778
full_model,4,gas,0.0,0,0.75,0.7777777777777778
full_model,4,gas,0.0,1,0.75,0.7777777777777778
full_model,4,gas,0.0,2,0.75,0.7777777777777778
full_model,4,gas,0.0,3,0.75,0.7777777777777778
full_model,4,gas,0.0,4,0.75,0.7777777777777778
full_model,4,gas,0.1,0,0.75,0.7777777777777778
full_model,4,gas,0.1,1,0.6666666666666666,0.7777777777777778
full_model,4,gas,0.1,2,0.6666666666666666,0.75
full_model,4,gas,0.1,3,0.75,0.7777777777777778
full_model,4,gas,0.1,4,0.75,0.8333333333333334
full_model,4,gas,0.2,0,0.75,0.7777777777777778
full_model,4,gas,0.2,1,0.75,0.6944444444444444
full_model,4,gas,0.2,2,0.6666666666666666,0.7222222222222222
full_model,4,gas,0.2,3,0.7692307692307693,0.8055555555555556
full_model,4,gas,0.2,4,0.75,0.7777777777777778
full_model,4,gas,0.3,0,0.6666666666666666,0.6666666666666667
full_model,4,gas,0.3,1,0.8,0.8055555555555556
full_model,4,gas,0.3,2,0.75,0.7222222222222222
full_model,4,gas,0.3,3,0.7142857142857143,0.7777777777777778
full_model,4,gas,0.3,4,0.7142857142857143,0.75
full_model,4,gas,0.4,0,0.7692307692307693,0.8333333333333334
full_model,4,gas,0.4,1,0.8,0.7777777777777778
full_model,4,gas,0.4,2,0.7142857142857143,0.75
full_model,4,gas,0.4,3,0.7142857142857143,0.8055555555555556
full_model,4,gas,0.4,4,0.7692307692307693,0.7777777777777778
full_model,4,gas,0.5,0,0.7142857142857143,0.7222222222222223
full_model,4,gas,0.5,1,0.8571428571428571,0.8611111111111112
full_model,4,gas,0.5,2,0.8,0.8055555555555556
full_model,4,gas,0.5,3,0.7692307692307693,0.8055555555555556
full_model,4,gas,0.5,4,0.8,0.8055555555555556
full_model,4,joint,0.0,0,0.75,0.7777777777777778
full_model,4,joint,0.0,1,0.75,0.7777777777777778
full_model,4,joint,0.0,2,0.75,0.7777777777777778
full_model,4,joint,0.0,3,0.75,0.7777777777777778
full_model,4,joint,0.0,4,0.75,0.7777777777777778
full_model,4,joint,0.1,0,0.8,0.8333333333333334
full_model,4,joint,0.1,1,0.75,0.6944444444444444
full_model,4,joint,0.1,2,0.6666666666666666,0.75
full_model,4,joint,0.1,3,0.8,0.8333333333333334
full_model,4,joint,0.1,4,0.75,0.7777777777777778
full_model,4,joint,0.2,0,0.7142857142857143,0.6666666666666666
full_model,4,joint,0.2,1,0.6666666666666666,0.7222222222222222
full_model,4,joint,0.2,2,0.9230769230769231,0.9166666666666667
full_model,4,joint,0.2,3,0.7142857142857143,0.7222222222222222
full_model,4,joint,0.2,4,0.8,1.0
full_model,4,joint,0.3,0,0.75,0.8055555555555556
full_model,4,joint,0.3,1,0.5,0.4722222222222222
full_model,4,joint,0.3,2,0.6666666666666666,0.75
full_model,4,joint,0.3,3,0.7692307692307693,0.9444444444444445
full_model,4,joint,0.3,4,0.9230769230769231,0.8611111111111112
full_model,4,joint,0.4,0,0.7142857142857143,0.7777777777777778
full_model,4,joint,0.4,1,0.6666666666666666,0.6111111111111112
full_model,4,joint,0.4,2,0.5714285714285714,0.5833333333333334
full_model,4,joint,0.4,3,0.6666666666666666,0.5277777777777777
full_model,4,joint,0.4,4,0.5454545454545454,0.75
full_model,4,joint,0.5,0,0.5714285714285714,0.4722222222222222
full_model,4,joint,0.5,1,0.6666666666666666,0.6111111111111112
full_model,4,joint,0.5,2,0.6153846153846154,0.5555555555555556
full_model,4,joint,0.5,3,0.7142857142857143,0.5
full_model,4,joint,0.5,4,0.42857142857142855,0.4027777777777778
full_model,5,rgb,0.0,0,0.6666666666666666,0.75
full_model,5,rgb,0.0,1,0.6666666666666666,0.75
full_model,5,rgb,0.0,2,0.6666666666666666,0.75
full_model,5,rgb,0.0,3,0.6666666666666666,0.75
full_model,5,rgb,0.0,4,0.6666666666666666,0.75
full_model,5,rgb,0.1,0,0.6666666666666666,0.75
full_model,5,rgb,0.1,1,0.6666666666666666,0.6944444444444445
full_model,5,rgb,0.1,2,0.6666666666666666,0.6944444444444445
full_model,5,rgb,0.1,3,0.5882352941176471,0.5833333333333334
full_model,5,rgb,0.1,4,0.5882352941176471,0.6111111111111112
full_model,5,rgb,0.2,0,0.6666666666666666,0.6666666666666667
full_model,5,rgb,0.2,1,0.7058823529411765,0.8055555555555555
full_model,5,rgb,0.2,2,0.5333333333333333,0.5555555555555556
full_model,5,rgb,0.2,3,0.625,0.7222222222222222
full_model,5,rgb,0.2,4,0.75,0.8333333333333333
full_model,5,rgb,0.3,0,0.5333333333333333,0.47222222222222215
full_model,5,rgb,0.3,1,0.625,0.6388888888888888
full_model,5,rgb,0.3,2,0.5,0.5555555555555556
full_model,5,rgb,0.3,3,0.42857142857142855,0.5277777777777778
full_model,5,rgb,0.3,4,0.6666666666666666,0.5555555555555556
full_model,5,rgb,0.4,0,0.42857142857142855,0.41666666666666663
full_model,5,rgb,0.4,1,0.5882352941176471,0.6111111111111112
full_model,5,rgb,0.4,2,0.7058823529411765,0.7222222222222222
full_model,5,rgb,0.4,3,0.4,0.3611111111111111
full_model,5,rgb,0.4,4,0.625,0.6388888888888888
full_model,5,rgb,0.5,0,0.5333333333333333,0.6666666666666666
full_model,5,rgb,0.5,1,0.3076923076923077,0.3333333333333333
full_model,5,rgb,0.5,2,0.5714285714285714,0.6944444444444445
full_model,5,rgb,0.5,3,0.4,0.4722222222222222
full_model,5,rgb,0.5,4,0.5333333333333333,0.611111111111111
full_model,5,ir,0.0,0,0.6666666666666666,0.75
full_model,5,ir,0.0,1,0.6666666666666666,0.75
full_model,5,ir,0.0,2,0.6666666666666666,0.75
full_model,5,ir,0.0,3,0.6666666666666666,0.75
full_model,5,ir,0.0,4,0.6666666666666666,0.75
full_model,5,ir,0.1,0,0.6666666666666666,0.75
full_model,5,ir,0.1,1,0.6666666666666666,0.888888888888889
full_model,5,ir,0.1,2,0.6666666666666666,0.6944444444444444
full_model,5,ir,0.1,3,0.6666666666666666,0.6111111111111112
full_model,5,ir,0.1,4,0.6666666666666666,0.6388888888888888
full_model,5,ir,0.2,0,0.6666666666666666,0.6666666666666666
full_model,5,ir,0.2,1,0.6666666666666666,0.6111111111111112
full_model,5,ir,0.2,2,0.6666666666666666,0.7222222222222222
full_model,5,ir,0.2,3,0.6666666666666666,0.75
full_model,5,ir,0.2,4,0.6666666666666666,0.6111111111111112
full_model,5,ir,0.3,0,0.6666666666666666,0.8611111111111112
full_model,5,ir,0.3,1,0.6666666666666666,0.4722222222222222
full_model,5,ir,0.3,2,0.6666666666666666,0.8333333333333334
full_model,5,ir,0.3,3,0.6666666666666666,0.7777777777777779
full_model,5,ir,0.3,4,0.6666666666666666,0.7500000000000001
full_model,5,ir,0.4,0,0.6666666666666666,0.6388888888888888
full_model,5,ir,0.4,1,0.6666666666666666,0.6666666666666666
full_model,5,ir,0.4,2,0.6666666666666666,0.8055555555555557
full_model,5,ir,0.4,3,0.6666666666666666,0.6111111111111112
full_model,5,ir,0.4,4,0.6666666666666666,0.7777777777777779
full_model,5,ir,0.5,0,0.6666666666666666,0.5833333333333335
full_model,5,ir,0.5,1,0.6666666666666666,0.638888888888889
full_model,5,ir,0.5,2,0.6666666666666666,0.6111111111111112
full_model,5,ir,0.5,3,0.6666666666666666,0.7222222222222222
full_model,5,ir,0.5,4,0.6666666666666666,0.7777777777777778
full_model,5,gas,0.0,0,0.6666666666666666,0.75
full_model,5,gas,0.0,1,0.6666666666666666,0.75
full_model,5,gas,0.0,2,0.6666666666666666,0.75
full_model,5,gas,0.0,3,0.6666666666666666,0.75
full_model,5,gas,0.0,4,0.6666666666666666,0.75
full_model,5,gas,0.1,0,0.6666666666666666,0.7777777777777778
full_model,5,gas,0.1,1,0.6666666666666666,0.7777777777777778
full_model,5,gas,0.1,2,0.625,0.7777777777777778
full_model,5,gas,0.1,3,0.6666666666666666,0.75
full_model,5,gas,0.1,4,0.6666666666666666,0.75
full_model,5,gas,0.2,0,0.6666666666666666,0.6944444444444444
full_model,5,gas,0.2,1,0.7058823529411765,0.8055555555555556
full_model,5,gas,0.2,2,0.6666666666666666,0.75
full_model,5,gas,0.2,3,0.6666666666666666,0.7777777777777778
full_model,5,gas,0.2,4,0.75,0.8611111111111112
full_model,5,gas,0.3,0,0.75,0.8055555555555556
full_model,5,gas,0.3,1,0.6666666666666666,0.8333333333333334
full_model,5,gas,0.3,2,0.7058823529411765,0.7777777777777778
full_model,5,gas,0.3,3,0.75,0.9166666666666667
full_model,5,gas,0.3,4,0.75,0.888888888888889
full_model,5,gas,0.4,0,0.7142857142857143,0.8333333333333333
full_model,5,gas,0.4,1,0.7058823529411765,0.8055555555555556
full_model,5,gas,0.4,2,0.75,0.888888888888889
full_model,5,gas,0.4,3,0.6666666666666666,0.888888888888889
full_model,5,gas,0.4,4,0.8,0.8333333333333333
full_model,5,gas,0.5,0,0.75,0.888888888888889
full_model,5,gas,0.5,1,0.7142857142857143,0.8333333333333333
full_model,5,gas,0.5,2,0.8,0.9444444444444444
full_model,5,gas,0.5,3,0.7142857142857143,0.888888888888889
full_model,5,gas,0.5,4,0.8,0.8611111111111112
full_model,5,joint,0.0,0,0.6666666666666666,0.75
full_model,5,joint,0.0,1,0.6666666666666666,0.75
full_model,5,joint,0.0,2,0.6666666666666666,0.75
full_model,5,joint,0.0,3,0.6666666666666666,0.75
full_model,5,joint,0.0,4,0.6666666666666666,0.75
full_model,5,joint,0.1,0,0.6666666666666666,0.6666666666666667
full_model,5,joint,0.1,1,0.5882352941176471,0.5
full_model,5,joint,0.1,2,0.7058823529411765,0.6111111111111112
full_model,5,joint,0.1,3,0.6666666666666666,0.75
full_model,5,joint,0.1,4,0.625,0.6666666666666666
full_model,5,joint,0.2,0,0.625,0.6388888888888888
full_model,5,joint,0.2,1,0.7058823529411765,0.6111111111111112
full_model,5,joint,0.2,2,0.75,0.7777777777777778
full_model,5,joint,0.2,3,0.5882352941176471,0.75
full_model,5,joint,0.2,4,0.625,0.5555555555555556
full_model,5,joint,0.3,0,0.5,0.6111111111111112
full_model,5,joint,0.3,1,0.625,0.7777777777777779
full_model,5,joint,0.3,2,0.6666666666666666,0.4722222222222222
full_model,5,joint,0.3,3,0.5882352941176471,0.6388888888888888
full_model,5,joint,0.3,4,0.75,0.638888888888889
full_model,5,joint,0.4,0,0.75,0.9166666666666667
full_model,5,joint,0.4,1,0.5882352941176471,0.6111111111111112
full_model,5,joint,0.4,2,0.6153846153846154,0.5833333333333333
full_model,5,joint,0.4,3,0.7058823529411765,0.8611111111111112
full_model,5,joint,0.4,4,0.8571428571428571,0.8611111111111112
full_model,5,joint,0.5,0,0.7058823529411765,0.9722222222222223
full_model,5,joint,0.5,1,0.5714285714285714,0.7222222222222222
full_model,5,joint,0.5,2,0.5882352941176471,0.5555555555555556
full_model,5,joint,0.5,3,0.625,0.6111111111111112
full_model,5,joint,0.5,4,0.7058823529411765,0.8055555555555556
full_model,6,rgb,0.0,0,0.6666666666666666,0.5
full_model,6,rgb,0.0,1,0.6666666666666666,0.5
full_model,6,rgb,0.0,2,0.6666666666666666,0.5
full_model,6,rgb,0.0,3,0.6666666666666666,0.5
full_model,6,rgb,0.0,4,0.6666666666666666,0.5
full_model,6,rgb,0.1,0,0.5714285714285714,0.41666666666666663
full_model,6,rgb,0.1,1,0.6666666666666666,0.5
full_model,6,rgb,0.1,2,0.5714285714285714,0.41666666666666663
full_model,6,rgb,0.1,3,0.5,0.5
full_model,6,rgb,0.1,4,0.5714285714285714,0.41666666666666663
full_model,6,rgb,0.2,0,0.7142857142857143,0.6944444444444445
full_model,6,rgb,0.2,1,0.6666666666666666,0.6388888888888891
full_model,6,rgb,0.2,2,0.46153846153846156,0.36111111111111105
full_model,6,rgb,0.2,3,0.5714285714285714,0.4444444444444444
full_model,6,rgb,0.2,4,0.6666666666666666,0.5833333333333335
full_model,6,rgb,0.3,0,0.6666666666666666,0.6111111111111112
full_model,6,rgb,0.3,1,0.5,0.4444444444444444
full_model,6,rgb,0.3,2,0.6153846153846154,0.3611111111111111
full_model,6,rgb,0.3,3,0.5,0.4444444444444444
full_model,6,rgb,0.3,4,0.5714285714285714,0.4444444444444445
full_model,6,rgb,0.4,0,0.6153846153846154,0.6111111111111112
full_model,6,rgb,0.4,1,0.5,0.4722222222222222
full_model,6,rgb,0.4,2,0.46153846153846156,0.44444444444444436
full_model,6,rgb,0.4,3,0.6153846153846154,0.5833333333333334
full_model,6,rgb,0.4,4,0.36363636363636365,0.3888888888888889
full_model,6,rgb,0.5,0,0.5,0.6388888888888888
full_model,6,rgb,0.5,1,0.4,0.38888888888888895
full_model,6,rgb,0.5,2,0.2222222222222222,0.47222222222222227
full_model,6,rgb,0.5,3,0.5714285714285714,0.5277777777777778
full_model,6,rgb,0.5,4,0.3333333333333333,0.3611111111111111
full_model,6,ir,0.0,0,0.6666666666666666,0.5
full_model,6,ir,0.0,1,0.6666666666666666,0.5
full_model,6,ir,0.0,2,0.6666666666666666,0.5
full_model,6,ir,0.0,3,0.6666666666666666,0.5
full_model,6,ir,0.0,4,0.6666666666666666,0.5
full_model,6,ir,0.1,0,0.6666666666666666,0.5
full_model,6,ir,0.1,1,0.6666666666666666,0.5833333333333334
full_model,6,ir,0.1,2,0.6666666666666666,0.5833333333333334
full_model,6,ir,0.1,3,0.6666666666666666,0.5
full_model,6,ir,0.1,4,0.6666666666666666,0.5
full_model,6,ir,0.2,0,0.6666666666666666,0.5277777777777778
full_model,6,ir,0.2,1,0.6666666666666666,0.5277777777777778
full_model,6,ir,0.2,2,0.6666666666666666,0.5
full_model,6,ir,0.2,3,0.6666666666666666,0.5277777777777778
full_model,6,ir,0.2,4,0.5714285714285714,0.5
full_model,6,ir,0.3,0,0.6666666666666666,0.5555555555555556
full_model,6,ir,0.3,1,0.5333333333333333,0.49999999999999994
full_model,6,ir,0.3,2,0.6666666666666666,0.5555555555555556
full_model,6,ir,0.3,3,0.5333333333333333,0.4444444444444444
full_model,6,ir,0.3,4,0.6666666666666666,0.5277777777777778
full_model,6,ir,0.4,0,0.5714285714285714,0.47222222222222227
full_model,6,ir,0.4,1,0.625,0.5
full_model,6,ir,0.4,2,0.6666666666666666,0.5833333333333334
full_model,6,ir,0.4,3,0.625,0.5277777777777779
full_model,6,ir,0.4,4,0.5714285714285714,0.5277777777777778
full_model,6,ir,0.5,0,0.625,0.5555555555555556
full_model,6,ir,0.5,1,0.5333333333333333,0.5277777777777778
full_model,6,ir,0.5,2,0.625,0.5833333333333333
full_model,6,ir,0.5,3,0.6666666666666666,0.6388888888888888
full_model,6,ir,0.5,4,0.5714285714285714,0.5277777777777777
full_model,6,gas,0.0,0,0.6666666666666666,0.5
full_model,6,gas,0.0,1,0.6666666666666666,0.5
full_model,6,gas,0.0,2,0.6666666666666666,0.5
full_model,6,gas,0.0,3,0.6666666666666666,0.5
full_model,6,gas,0.0,4,0.6666666666666666,0.5
full_model,6,gas,0.1,0,0.6666666666666666,0.6666666666666667
full_model,6,gas,0.1,1,0.6666666666666666,0.5277777777777778
full_model,6,gas,0.1,2,0.6666666666666666,0.5277777777777778
full_model,6,gas,0.1,3,0.625,0.5
full_model,6,gas,0.1,4,0.6666666666666666,0.47222222222222227
full_model,6,gas,0.2,0,0.6666666666666666,0.5833333333333334
full_model,6,gas,0.2,1,0.6666666666666666,0.5277777777777778
full_model,6,gas,0.2,2,0.6666666666666666,0.5555555555555556
full_model,6,gas,0.2,3,0.6666666666666666,0.5
full_model,6,gas,0.2,4,0.6666666666666666,0.5833333333333334
full_model,6,gas,0.3,0,0.6666666666666666,0.5833333333333334
full_model,6,gas,0.3,1,0.6666666666666666,0.5555555555555556
full_model,6,gas,0.3,2,0.6666666666666666,0.5833333333333334
full_model,6,gas,0.3,3,0.6666666666666666,0.6666666666666667
full_model,6,gas,0.3,4,0.6666666666666666,0.5
full_model,6,gas,0.4,0,0.6666666666666666,0.5
full_model,6,gas,0.4,1,0.6666666666666666,0.5
full_model,6,gas,0.4,2,0.625,0.6111111111111112
full_model,6,gas,0.4,3,0.625,0.47222222222222227
full_model,6,gas,0.4,4,0.6666666666666666,0.5833333333333334
full_model,6,gas,0.5,0,0.625,0.6111111111111112
full_model,6,gas,0.5,1,0.625,0.47222222222222227
full_model,6,gas,0.5,2,0.6666666666666666,0.5277777777777778
full_model,6,gas,0.5,3,0.625,0.6666666666666667
full_model,6,gas,0.5,4,0.625,0.6111111111111112
full_model,6,joint,0.0,0,0.6666666666666666,0.5
full_model,6,joint,0.0,1,0.6666666666666666,0.5
full_model,6,joint,0.0,2,0.6666666666666666,0.5
full_model,6,joint,0.0,3,0.6666666666666666,0.5
full_model,6,joint,0.0,4,0.6666666666666666,0.5
full_model,6,joint,0.1,0,0.625,0.5
full_model,6,joint,0.1,1,0.5714285714285714,0.5555555555555556
full_model,6,joint,0.1,2,0.7142857142857143,0.6111111111111112
full_model,6,joint,0.1,3,0.6666666666666666,0.4444444444444445
full_model,6,joint,0.1,4,0.7142857142857143,0.7500000000000001
full_model,6,joint,0.2,0,0.5333333333333333,0.3888888888888889
full_model,6,joint,0.2,1,0.42857142857142855,0.38888888888888895
full_model,6,joint,0.2,2,0.7142857142857143,0.6666666666666667
full_model,6,joint,0.2,3,0.5,0.38888888888888884
full_model,6,joint,0.2,4,0.6666666666666666,0.5833333333333334
full_model,6,joint,0.3,0,0.46153846153846156,0.3888888888888889
full_model,6,joint,0.3,1,0.5714285714285714,0.6111111111111112
full_model,6,joint,0.3,2,0.5882352941176471,0.44444444444444453
full_model,6,joint,0.3,3,0.36363636363636365,0.41666666666666663
full_model,6,joint,0.3,4,0.6666666666666666,0.638888888888889
full_model,6,joint,0.4,0,0.36363636363636365,0.41666666666666663
full_model,6,joint,0.4,1,0.5333333333333333,0.38888888888888895
full_model,6,joint,0.4,2,0.46153846153846156,0.5277777777777778
full_model,6,joint,0.4,3,0.42857142857142855,0.3055555555555555
full_model,6,joint,0.4,4,0.7142857142857143,0.7500000000000001
full_model,6,joint,0.5,0,0.36363636363636365,0.41666666666666663
full_model,6,joint,0.5,1,0.3333333333333333,0.4027777777777778
full_model,6,joint,0.5,2,0.46153846153846156,0.36111111111111116
full_model,6,joint,0.5,3,0.36363636363636365,0.3888888888888889
full_model,6,joint,0.5,4,0.8,0.888888888888889
full_model,7,rgb,0.0,0,0.7058823529411765,0.8611111111111112
full_model,7,rgb,0.0,1,0.7058823529411765,0.8611111111111112
full_model,7,rgb,0.0,2,0.7058823529411765,0.8611111111111112
full_model,7,rgb,0.0,3,0.7058823529411765,0.8611111111111112
full_model,7,rgb,0.0,4,0.7058823529411765,0.8611111111111112
full_model,7,rgb,0.1,0,0.625,0.8055555555555557
full_model,7,rgb,0.1,1,0.7058823529411765,0.8611111111111112
full_model,7,rgb,0.1,2,0.7058823529411765,0.8611111111111112
full_model,7,rgb,0.1,3,0.7058823529411765,0.8611111111111112
full_model,7,rgb,0.1,4,0.7058823529411765,0.8611111111111112
full_model,7,rgb,0.2,0,0.7058823529411765,0.8333333333333334
full_model,7,rgb,0.2,1,0.7058823529411765,0.8611111111111112
full_model,7,rgb,0.2,2,0.7058823529411765,0.8333333333333334
full_model,7,rgb,0.2,3,0.7058823529411765,0.888888888888889
full_model,7,rgb,0.2,4,0.625,0.7777777777777778
full_model,7,rgb,0.3,0,0.625,0.6666666666666666
full_model,7,rgb,0.3,1,0.6666666666666666,0.75
full_model,7,rgb,0.3,2,0.625,0.7222222222222222
full_model,7,rgb,0.3,3,0.6666666666666666,0.7222222222222223
full_model,7,rgb,0.3,4,0.7058823529411765,0.8333333333333334
full_model,7,rgb,0.4,0,0.625,0.7777777777777779
full_model,7,rgb,0.4,1,0.6666666666666666,0.638888888888889
full_model,7,rgb,0.4,2,0.625,0.7222222222222223
full_model,7,rgb,0.4,3,0.6153846153846154,0.6111111111111112
full_model,7,rgb,0.4,4,0.6666666666666666,0.8055555555555555
full_model,7,rgb,0.5,0,0.7058823529411765,0.9166666666666667
full_model,7,rgb,0.5,1,0.625,0.7222222222222223
full_model,7,rgb,0.5,2,0.6666666666666666,0.638888888888889
full_model,7,rgb,0.5,3,0.5714285714285714,0.6666666666666666
full_model,7,rgb,0.5,4,0.6666666666666666,0.7222222222222222
full_model,7,ir,0.0,0,0.7058823529411765,0.8611111111111112
full_model,7,ir,0.0,1,0.7058823529411765,0.8611111111111112
full_model,7,ir,0.0,2,0.7058823529411765,0.8611111111111112
full_model,7,ir,0.0,3,0.7058823529411765,0.8611111111111112
full_model,7,ir,0.0,4,0.7058823529411765,0.8611111111111112
full_model,7,ir,0.1,0,0.7058823529411765,0.8333333333333334
full_model,7,ir,0.1,1,0.7058823529411765,0.8611111111111112
full_model,7,ir,0.1,2,0.7058823529411765,0.8055555555555556
full_model,7,ir,0.1,3,0.7058823529411765,0.8611111111111112
full_model,7,ir,0.1,4,0.7058823529411765,0.8611111111111112
full_model,7,ir,0.2,0,0.7058823529411765,0.8611111111111112
full_model,7,ir,0.2,1,0.7058823529411765,0.888888888888889
full_model,7,ir,0.2,2,0.75,0.9444444444444445
full_model,7,ir,0.2,3,0.7058823529411765,0.8611111111111112
full_model,7,ir,0.2,4,0.75,1.0
full_model,7,ir,0.3,0,0.7058823529411765,0.8611111111111112
full_model,7,ir,0.3,1,0.7058823529411765,0.888888888888889
full_model,7,ir,0.3,2,0.625,0.7222222222222222
full_model,7,ir,0.3,3,0.7058823529411765,0.8055555555555556
full_model,7,ir,0.3,4,0.75,0.9166666666666667
full_model,7,ir,0.4,0,0.75,0.75
full_model,7,ir,0.4,1,0.7058823529411765,0.9444444444444444
full_model,7,ir,0.4,2,0.75,0.9444444444444444
full_model,7,ir,0.4,3,0.625,0.6666666666666667
full_model,7,ir,0.4,4,0.7058823529411765,0.8333333333333334
full_model,7,ir,0.5,0,0.7058823529411765,0.75
full_model,7,ir,0.5,1,0.6666666666666666,0.8611111111111112
full_model,7,ir,0.5,2,0.6666666666666666,0.8333333333333334
full_model,7,ir,0.5,3,0.6666666666666666,0.7222222222222223
full_model,7,ir,0.5,4,0.7058823529411765,0.888888888888889
full_model,7,gas,0.0,0,0.7058823529411765,0.8611111111111112
full_model,7,gas,0.0,1,0.7058823529411765,0.8611111111111112
full_model,7,gas,0.0,2,0.7058823529411765,0.8611111111111112
full_model,7,gas,0.0,3,0.7058823529411765,0.8611111111111112
full_model,7,gas,0.0,4,0.7058823529411765,0.8611111111111112
full_model,7,gas,0.1,0,0.7058823529411765,0.8611111111111112
full_model,7,gas,0.1,1,0.7058823529411765,0.8333333333333334
full_model,7,gas,0.1,2,0.7058823529411765,0.8611111111111112
full_model,7,gas,0.1,3,0.7058823529411765,0.8611111111111112
full_model,7,gas,0.1,4,0.7058823529411765,0.8333333333333334
full_model,7,gas,0.2,0,0.7058823529411765,0.8333333333333334
full_model,7,gas,0.2,1,0.7058823529411765,0.888888888888889
full_model,7,gas,0.2,2,0.7058823529411765,0.888888888888889
full_model,7,gas,0.2,3,0.75,0.8333333333333334
full_model,7,gas,0.2,4,0.7058823529411765,0.8611111111111112
full_model,7,gas,0.3,0,0.7058823529411765,0.8611111111111112
full_model,7,gas,0.3,1,0.7058823529411765,0.8611111111111112
full_model,7,gas,0.3,2,0.6666666666666666,0.8055555555555557
full_model,7,gas,0.3,3,0.75,0.8611111111111112
full_model,7,gas,0.3,4,0.6666666666666666,0.8055555555555557
full_model,7,gas,0.4,0,0.625,0.8055555555555557
full_model,7,gas,0.4,1,0.7142857142857143,0.8333333333333334
full_model,7,gas,0.4,2,0.625,0.7777777777777779
full_model,7,gas,0.4,3,0.75,0.8333333333333334
full_model,7,gas,0.4,4,0.7058823529411765,0.888888888888889
full_model,7,gas,0.5,0,0.7058823529411765,0.8333333333333334
full_model,7,gas,0.5,1,0.8,0.8611111111111112
full_model,7,gas,0.5,2,0.7058823529411765,0.8611111111111112
full_model,7,gas,0.5,3,0.625,0.7777777777777779
full_model,7,gas,0.5,4,0.75,0.888888888888889
full_model,7,joint,0.0,0,0.7058823529411765,0.8611111111111112
full_model,7,joint,0.0,1,0.7058823529411765,0.8611111111111112
full_model,7,joint,0.0,2,0.7058823529411765,0.8611111111111112
full_model,7,joint,0.0,3,0.7058823529411765,0.8611111111111112
full_model,7,joint,0.0,4,0.7058823529411765,0.8611111111111112
full_model,7,joint,0.1,0,0.6153846153846154,0.7777777777777778
full_model,7,joint,0.1,1,0.6666666666666666,0.8333333333333334
full_model,7,joint,0.1,2,0.7058823529411765,0.8611111111111112
full_model,7,joint,0.1,3,0.7058823529411765,0.7777777777777779
full_model,7,joint,0.1,4,0.625,0.7777777777777779
full_model,7,joint,0.2,0,0.6153846153846154,0.75
full_model,7,joint,0.2,1,0.625,0.5833333333333334
full_model,7,joint,0.2,2,0.75,0.8611111111111112
full_model,7,joint,0.2,3,0.7058823529411765,0.8611111111111112
full_model,7,joint,0.2,4,0.7058823529411765,0.75
full_model,7,joint,0.3,0,0.8571428571428571,1.0
full_model,7,joint,0.3,1,0.7142857142857143,0.7222222222222221
full_model,7,joint,0.3,2,0.8,0.8611111111111112
full_model,7,joint,0.3,3,0.6666666666666666,0.7222222222222222
full_model,7,joint,0.3,4,0.7058823529411765,0.7777777777777778
full_model,7,joint,0.4,0,0.625,0.5277777777777778
full_model,7,joint,0.4,1,0.6153846153846154,0.7222222222222222
full_model,7,joint,0.4,2,0.6666666666666666,0.75
full_model,7,joint,0.4,3,0.625,0.6666666666666666
full_model,7,joint,0.4,4,0.5714285714285714,0.5277777777777778
full_model,7,joint,0.5,0,0.7692307692307693,0.7777777777777779
full_model,7,joint,0.5,1,0.75,0.888888888888889
full_model,7,joint,0.5,2,0.6666666666666666,0.75
full_model,7,joint,0.5,3,0.5,0.47222222222222227
full_model,7,joint,0.5,4,0.6153846153846154,0.6944444444444444
full_model,8,rgb,0.0,0,0.7058823529411765,0.7222222222222223
full_model,8,rgb,0.0,1,0.7058823529411765,0.7222222222222223
full_model,8,rgb,0.0,2,0.7058823529411765,0.7222222222222223
full_model,8,rgb,0.0,3,0.7058823529411765,0.7222222222222223
full_model,8,rgb,0.0,4,0.7058823529411765,0.7222222222222223
full_model,8,rgb,0.1,0,0.7058823529411765,0.7222222222222223
full_model,8,rgb,0.1,1,0.7058823529411765,0.9722222222222223
full_model,8,rgb,0.1,2,0.7058823529411765,0.5277777777777778
full_model,8,rgb,0.1,3,0.7058823529411765,0.5555555555555556
full_model,8,rgb,0.1,4,0.7058823529411765,0.5555555555555556
full_model,8,rgb,0.2,0,0.7058823529411765,0.6388888888888888
full_model,8,rgb,0.2,1,0.7058823529411765,0.8055555555555556
full_model,8,rgb,0.2,2,0.7058823529411765,0.5833333333333334
full_model,8,rgb,0.2,3,0.7058823529411765,0.6944444444444444
full_model,8,rgb,0.2,4,0.75,0.7222222222222223
full_model,8,rgb,0.3,0,0.7058823529411765,0.5277777777777778
full_model,8,rgb,0.3,1,0.75,0.8333333333333334
full_model,8,rgb,0.3,2,0.7058823529411765,0.7777777777777778
full_model,8,rgb,0.3,3,0.7058823529411765,0.6111111111111112
full_model,8,rgb,0.3,4,0.7058823529411765,0.6944444444444444
full_model,8,rgb,0.4,0,0.75,0.5277777777777778
full_model,8,rgb,0.4,1,0.7058823529411765,0.6944444444444444
full_model,8,rgb,0.4,2,0.7058823529411765,0.5555555555555556
full_model,8,rgb,0.4,3,0.7058823529411765,0.6666666666666667
full_model,8,rgb,0.4,4,0.75,0.6111111111111112
full_model,8,rgb,0.5,0,0.7058823529411765,0.5833333333333333
full_model,8,rgb,0.5,1,0.75,0.6666666666666667
full_model,8,rgb,0.5,2,0.75,0.8333333333333333
full_model,8,rgb,0.5,3,0.7058823529411765,0.8055555555555556
full_model,8,rgb,0.5,4,0.7058823529411765,0.5833333333333334
full_model,8,ir,0.0,0,0.7058823529411765,0.7222222222222223
full_model,8,ir,0.0,1,0.7058823529411765,0.7222222222222223
full_model,8,ir,0.0,2,0.7058823529411765,0.7222222222222223
full_model,8,ir,0.0,3,0.7058823529411765,0.7222222222222223
full_model,8,ir,0.0,4,0.7058823529411765,0.7222222222222223
full_model,8,ir,0.1,0,0.7058823529411765,0.6388888888888888
full_model,8,ir,0.1,1,0.7058823529411765,0.7222222222222223
full_model,8,ir,0.1,2,0.7058823529411765,0.7222222222222223
full_model,8,ir,0.1,3,0.7058823529411765,0.7222222222222223
full_model,8,ir,0.1,4,0.7058823529411765,0.7222222222222223
full_model,8,ir,0.2,0,0.7058823529411765,0.6944444444444444
full_model,8,ir,0.2,1,0.7058823529411765,0.9166666666666667
full_model,8,ir,0.2,2,0.7058823529411765,0.75
full_model,8,ir,0.2,3,0.7058823529411765,0.6111111111111112
full_model,8,ir,0.2,4,0.7058823529411765,0.638888888888889
full_model,8,ir,0.3,0,0.7058823529411765,0.5833333333333334
full_model,8,ir,0.3,1,0.7058823529411765,0.5277777777777778
full_model,8,ir,0.3,2,0.7058823529411765,0.7777777777777779
full_model,8,ir,0.3,3,0.7058823529411765,0.7222222222222222
full_model,8,ir,0.3,4,0.7058823529411765,0.8333333333333334
full_model,8,ir,0.4,0,0.7058823529411765,0.8333333333333334
full_model,8,ir,0.4,1,0.7058823529411765,0.7222222222222222
full_model,8,ir,0.4,2,0.7058823529411765,0.75
full_model,8,ir,0.4,3,0.7058823529411765,0.7777777777777779
full_model,8,ir,0.4,4,0.7058823529411765,0.6666666666666667
full_model,8,ir,0.5,0,0.7058823529411765,0.6944444444444444
full_model,8,ir,0.5,1,0.7058823529411765,0.6944444444444444
full_model,8,ir,0.5,2,0.7058823529411765,0.5833333333333333
full_model,8,ir,0.5,3,0.7058823529411765,0.5555555555555556
full_model,8,ir,0.5,4,0.7058823529411765,0.6944444444444445
full_model,8,gas,0.0,0,0.7058823529411765,0.7222222222222223
full_model,8,gas,0.0,1,0.7058823529411765,0.7222222222222223
full_model,8,gas,0.0,2,0.7058823529411765,0.7222222222222223
full_model,8,gas,0.0,3,0.7058823529411765,0.7222222222222223
full_model,8,gas,0.0,4,0.7058823529411765,0.7222222222222223
full_model,8,gas,0.1,0,0.7058823529411765,0.7222222222222223
full_model,8,gas,0.1,1,0.7058823529411765,0.5555555555555556
full_model,8,gas,0.1,2,0.7058823529411765,0.7222222222222223
full_model,8,gas,0.1,3,0.7058823529411765,0.6666666666666667
full_model,8,gas,0.1,4,0.7058823529411765,0.6666666666666667
full_model,8,gas,0.2,0,0.7058823529411765,0.5277777777777778
full_model,8,gas,0.2,1,0.7058823529411765,0.75
full_model,8,gas,0.2,2,0.7058823529411765,0.5833333333333334
full_model,8,gas,0.2,3,0.7058823529411765,0.6666666666666667
full_model,8,gas,0.2,4,0.7058823529411765,0.5
full_model,8,gas,0.3,0,0.7058823529411765,0.7222222222222223
full_model,8,gas,0.3,1,0.7058823529411765,0.6666666666666667
full_model,8,gas,0.3,2,0.7058823529411765,0.5555555555555556
full_model,8,gas,0.3,3,0.7058823529411765,0.6666666666666667
full_model,8,gas,0.3,4,0.7058823529411765,0.8055555555555556
full_model,8,gas,0.4,0,0.7058823529411765,0.6666666666666667
full_model,8,gas,0.4,1,0.7058823529411765,0.5277777777777778
full_model,8,gas,0.4,2,0.7058823529411765,0.5833333333333333
full_model,8,gas,0.4,3,0.7058823529411765,0.6111111111111112
full_model,8,gas,0.4,4,0.7058823529411765,0.7222222222222222
full_model,8,gas,0.5,0,0.7058823529411765,0.5277777777777778
full_model,8,gas,0.5,1,0.7058823529411765,0.5555555555555556
full_model,8,gas,0.5,2,0.7058823529411765,0.75
full_model,8,gas,0.5,3,0.6666666666666666,0.6666666666666667
full_model,8,gas,0.5,4,0.7058823529411765,0.5555555555555556
full_model,8,joint,0.0,0,0.7058823529411765,0.7222222222222223
full_model,8,joint,0.0,1,0.7058823529411765,0.7222222222222223
full_model,8,joint,0.0,2,0.7058823529411765,0.7222222222222223
full_model,8,joint,0.0,3,0.7058823529411765,0.7222222222222223
full_model,8,joint,0.0,4,0.7058823529411765,0.7222222222222223
full_model,8,joint,0.1,0,0.7058823529411765,0.8055555555555557
full_model,8,joint,0.1,1,0.7058823529411765,0.6111111111111112
full_model,8,joint,0.1,2,0.7058823529411765,0.7777777777777779
full_model,8,joint,0.1,3,0.7058823529411765,0.6111111111111112
full_model,8,joint,0.1,4,0.7058823529411765,0.7500000000000001
full_model,8,joint,0.2,0,0.7058823529411765,0.2777777777777778
full_model,8,joint,0.2,1,0.7058823529411765,0.75
full_model,8,joint,0.2,2,0.7058823529411765,0.8333333333333333
full_model,8,joint,0.2,3,0.75,0.6944444444444444
full_model,8,joint,0.2,4,0.75,0.8055555555555556
full_model,8,joint,0.3,0,0.625,0.4166666666666667
full_model,8,joint,0.3,1,0.7058823529411765,0.5416666666666666
full_model,8,joint,0.3,2,0.7058823529411765,0.75
full_model,8,joint,0.3,3,0.7058823529411765,0.5555555555555556
full_model,8,joint,0.3,4,0.7058823529411765,0.7777777777777778
full_model,8,joint,0.4,0,0.6666666666666666,0.7222222222222222
full_model,8,joint,0.4,1,0.46153846153846156,0.5
full_model,8,joint,0.4,2,0.6666666666666666,0.6111111111111112
full_model,8,joint,0.4,3,0.625,0.41666666666666663
full_model,8,joint,0.4,4,0.8,0.9166666666666667
full_model,8,joint,0.5,0,0.6666666666666666,0.4305555555555556
full_model,8,joint,0.5,1,0.7058823529411765,0.5833333333333333
full_model,8,joint,0.5,2,0.5882352941176471,0.3333333333333333
full_model,8,joint,0.5,3,0.6666666666666666,0.16666666666666666
full_model,8,joint,0.5,4,0.7058823529411765,0.5833333333333334
full_model,9,rgb,0.0,0,0.6666666666666666,0.6388888888888888
full_model,9,rgb,0.0,1,0.6666666666666666,0.6388888888888888
full_model,9,rgb,0.0,2,0.6666666666666666,0.6388888888888888
full_model,9,rgb,0.0,3,0.6666666666666666,0.6388888888888888
full_model,9,rgb,0.0,4,0.6666666666666666,0.6388888888888888
full_model,9,rgb,0.1,0,0.6666666666666666,0.6388888888888888
full_model,9,rgb,0.1,1,0.6666666666666666,0.6388888888888888
full_model,9,rgb,0.1,2,0.6666666666666666,0.6388888888888888
full_model,9,rgb,0.1,3,0.7142857142857143,0.6666666666666667
full_model,9,rgb,0.1,4,0.75,0.6666666666666667
full_model,9,rgb,0.2,0,0.75,0.6666666666666667
full_model,9,rgb,0.2,1,0.6666666666666666,0.6388888888888888
full_model,9,rgb,0.2,2,0.6666666666666666,0.6388888888888888
full_model,9,rgb,0.2,3,0.8,0.6666666666666667
full_model,9,rgb,0.2,4,0.75,0.5833333333333334
full_model,9,rgb,0.3,0,0.5714285714285714,0.5555555555555556
full_model,9,rgb,0.3,1,0.6666666666666666,0.6388888888888888
full_model,9,rgb,0.3,2,0.7142857142857143,0.6111111111111112
full_model,9,rgb,0.3,3,0.5714285714285714,0.6111111111111112
full_model,9,rgb,0.3,4,0.6666666666666666,0.6666666666666667
full_model,9,rgb,0.4,0,0.46153846153846156,0.5555555555555556
full_model,9,rgb,0.4,1,0.6666666666666666,0.6388888888888888
full_model,9,rgb,0.4,2,0.6153846153846154,0.6111111111111112
full_model,9,rgb,0.4,3,0.6153846153846154,0.6388888888888888
full_model,9,rgb,0.4,4,0.6666666666666666,0.6666666666666667
full_model,9,rgb,0.5,0,0.7142857142857143,0.6666666666666666
full_model,9,rgb,0.5,1,0.6666666666666666,0.6388888888888888
full_model,9,rgb,0.5,2,0.6666666666666666,0.6944444444444444
full_model,9,rgb,0.5,3,0.6666666666666666,0.6111111111111112
full_model,9,rgb,0.5,4,0.7142857142857143,0.6111111111111112
full_model,9,ir,0.0,0,0.6666666666666666,0.6388888888888888
full_model,9,ir,0.0,1,0.6666666666666666,0.6388888888888888
full_model,9,ir,0.0,2,0.6666666666666666,0.6388888888888888
full_model,9,ir,0.0,3,0.6666666666666666,0.6388888888888888
full_model,9,ir,0.0,4,0.6666666666666666,0.6388888888888888
full_model,9,ir,0.1,0,0.6666666666666666,0.6388888888888888
full_model,9,ir,0.1,1,0.6666666666666666,0.6388888888888888
full_model,9,ir,0.1,2,0.7058823529411765,0.6111111111111112
full_model,9,ir,0.1,3,0.6666666666666666,0.6111111111111112
full_model,9,ir,0.1,4,0.6666666666666666,0.6388888888888888
full_model,9,ir,0.2,0,0.75,0.4444444444444445
full_model,9,ir,0.2,1,0.75,0.6111111111111112
full_model,9,ir,0.2,2,0.75,0.5555555555555556
full_model,9,ir,0.2,3,0.625,0.6111111111111112
full_model,9,ir,0.2,4,0.625,0.5833333333333334
full_model,9,ir,0.3,0,0.6666666666666666,0.5277777777777778
full_model,9,ir,0.3,1,0.7058823529411765,0.4166666666666667
full_model,9,ir,0.3,2,0.6666666666666666,0.4444444444444444
full_model,9,ir,0.3,3,0.6666666666666666,0.5277777777777778
full_model,9,ir,0.3,4,0.625,0.5
full_model,9,ir,0.4,0,0.7058823529411765,0.5277777777777777
full_model,9,ir,0.4,1,0.625,0.36111111111111116
full_model,9,ir,0.4,2,0.75,0.6111111111111112
full_model,9,ir,0.4,3,0.6666666666666666,0.6111111111111112
full_model,9,ir,0.4,4,0.625,0.4444444444444445
full_model,9,ir,0.5,0,0.6666666666666666,0.5277777777777778
full_model,9,ir,0.5,1,0.625,0.5833333333333334
full_model,9,ir,0.5,2,0.625,0.5277777777777778
full_model,9,ir,0.5,3,0.6666666666666666,0.5833333333333333
full_model,9,ir,0.5,4,0.7058823529411765,0.5
full_model,9,gas,0.0,0,0.6666666666666666,0.6388888888888888
full_model,9,gas,0.0,1,0.6666666666666666,0.6388888888888888
full_model,9,gas,0.0,2,0.6666666666666666,0.6388888888888888
full_model,9,gas,0.0,3,0.6666666666666666,0.6388888888888888
full_model,9,gas,0.0,4,0.6666666666666666,0.6388888888888888
full_model,9,gas,0.1,0,0.6666666666666666,0.6388888888888888
full_model,9,gas,0.1,1,0.6666666666666666,0.6388888888888888
full_model,9,gas,0.1,2,0.6666666666666666,0.6388888888888888
full_model,9,gas,0.1,3,0.75,0.8055555555555556
full_model,9,gas,0.1,4,0.6666666666666666,0.6388888888888888
full_model,9,gas,0.2,0,0.6666666666666666,0.6666666666666667
full_model,9,gas,0.2,1,0.6666666666666666,0.6388888888888888
full_model,9,gas,0.2,2,0.6666666666666666,0.6944444444444444
full_model,9,gas,0.2,3,0.6666666666666666,0.6111111111111112
full_model,9,gas,0.2,4,0.75,0.6666666666666667
full_model,9,gas,0.3,0,0.75,0.5277777777777778
full_model,9,gas,0.3,1,0.6666666666666666,0.6666666666666666
full_model,9,gas,0.3,2,0.6666666666666666,0.6944444444444444
full_model,9,gas,0.3,3,0.75,0.5
full_model,9,gas,0.3,4,0.75,0.5555555555555556
full_model,9,gas,0.4,0,0.6666666666666666,0.4722222222222222
full_model,9,gas,0.4,1,0.75,0.5555555555555556
full_model,9,gas,0.4,2,0.75,0.7777777777777778
full_model,9,gas,0.4,3,0.6666666666666666,0.6388888888888888
full_model,9,gas,0.4,4,0.6666666666666666,0.6388888888888888
full_model,9,gas,0.5,0,0.75,0.7222222222222222
full_model,9,gas,0.5,1,0.75,0.8055555555555556
full_model,9,gas,0.5,2,0.75,0.5555555555555556
full_model,9,gas,0.5,3,0.75,0.5833333333333334
full_model,9,gas,0.5,4,0.75,0.5833333333333334
full_model,9,joint,0.0,0,0.6666666666666666,0.6388888888888888
full_model,9,joint,0.0,1,0.6666666666666666,0.6388888888888888
full_model,9,joint,0.0,2,0.6666666666666666,0.6388888888888888
full_model,9,joint,0.0,3,0.6666666666666666,0.6388888888888888
full_model,9,joint,0.0,4,0.6666666666666666,0.6388888888888888
full_model,9,joint,0.1,0,0.6666666666666666,0.6666666666666666
full_model,9,joint,0.1,1,0.6666666666666666,0.6111111111111112
full_model,9,joint,0.1,2,0.75,0.6388888888888888
full_model,9,joint,0.1,3,0.6666666666666666,0.5555555555555556
full_model,9,joint,0.1,4,0.7142857142857143,0.6944444444444444
full_model,9,joint,0.2,0,0.75,0.6666666666666667
full_model,9,joint,0.2,1,0.7142857142857143,0.5
full_model,9,joint,0.2,2,0.6666666666666666,0.5555555555555556
full_model,9,joint,0.2,3,0.6666666666666666,0.5555555555555556
full_model,9,joint,0.2,4,0.75,0.6111111111111112
full_model,9,joint,0.3,0,0.6666666666666666,0.8055555555555556
full_model,9,joint,0.3,1,0.75,0.5277777777777778
full_model,9,joint,0.3,2,0.75,0.5833333333333334
full_model,9,joint,0.3,3,0.625,0.3055555555555556
full_model,9,joint,0.3,4,0.7058823529411765,0.7222222222222222
full_model,9,joint,0.4,0,0.625,0.5
full_model,9,joint,0.4,1,0.7058823529411765,0.5833333333333333
full_model,9,joint,0.4,2,0.5714285714285714,0.5555555555555556
full_model,9,joint,0.4,3,0.6666666666666666,0.5
full_model,9,joint,0.4,4,0.7142857142857143,0.6388888888888888
full_model,9,joint,0.5,0,0.625,0.4583333333333333
full_model,9,joint,0.5,1,0.75,0.6527777777777778
full_model,9,joint,0.5,2,0.5714285714285714,0.638888888888889
full_model,9,joint,0.5,3,0.75,0.7083333333333334
full_model,9,joint,0.5,4,0.75,0.6111111111111112
baseline_a_early,0,rgb,0.0,0,0.625,0.5
baseline_a_early,0,rgb,0.0,1,0.625,0.5
baseline_a_early,0,rgb,0.0,2,0.625,0.5
baseline_a_early,0,rgb,0.0,3,0.625,0.5
baseline_a_early,0,rgb,0.0,4,0.625,0.5
baseline_a_early,0,rgb,0.1,0,0.625,0.4444444444444444
baseline_a_early,0,rgb,0.1,1,0.625,0.5
baseline_a_early,0,rgb,0.1,2,0.625,0.5
baseline_a_early,0,rgb,0.1,3,0.625,0.4444444444444444
baseline_a_early,0,rgb,0.1,4,0.7058823529411765,0.5555555555555556
baseline_a_early,0,rgb,0.2,0,0.625,0.5
baseline_a_early,0,rgb,0.2,1,0.625,0.5
baseline_a_early,0,rgb,0.2,2,0.625,0.5
baseline_a_early,0,rgb,0.2,3,0.625,0.5277777777777778
baseline_a_early,0,rgb,0.2,4,0.625,0.5
baseline_a_early,0,rgb,0.3,0,0.7058823529411765,0.5555555555555556
baseline_a_early,0,rgb,0.3,1,0.625,0.4722222222222222
baseline_a_early,0,rgb,0.3,2,0.625,0.4722222222222222
baseline_a_early,0,rgb,0.3,3,0.625,0.4166666666666667
baseline_a_early,0,rgb,0.3,4,0.625,0.5
baseline_a_early,0,rgb,0.4,0,0.7058823529411765,0.4722222222222222
baseline_a_early,0,rgb,0.4,1,0.625,0.4722222222222222
baseline_a_early,0,rgb,0.4,2,0.625,0.4444444444444444
baseline_a_early,0,rgb,0.4,3,0.625,0.5
baseline_a_early,0,rgb,0.4,4,0.7058823529411765,0.5555555555555556
baseline_a_early,0,rgb,0.5,0,0.7058823529411765,0.5
baseline_a_early,0,rgb,0.5,1,0.625,0.4444444444444444
baseline_a_early,0,rgb,0.5,2,0.625,0.5
baseline_a_early,0,rgb,0.5,3,0.7058823529411765,0.5277777777777778
baseline_a_early,0,rgb,0.5,4,0.625,0.5
baseline_a_early,0,ir,0.0,0,0.625,0.5
baseline_a_early,0,ir,0.0,1,0.625,0.5
baseline_a_early,0,ir,0.0,2,0.625,0.5
baseline_a_early,0,ir,0.0,3,0.625,0.5
baseline_a_early,0,ir,0.0,4,0.625,0.5
baseline_a_early,0,ir,0.1,0,0.625,0.4722222222222222
baseline_a_early,0,ir,0.1,1,0.625,0.5
baseline_a_early,0,ir,0.1,2,0.6666666666666666,0.5833333333333334
baseline_a_early,0,ir,0.1,3,0.625,0.5
baseline_a_early,0,ir,0.1,4,0.625,0.5
baseline_a_early,0,ir,0.2,0,0.625,0.5
baseline_a_early,0,ir,0.2,1,0.625,0.5
baseline_a_early,0,ir,0.2,2,0.625,0.4722222222222222
baseline_a_early,0,ir,0.2,3,0.625,0.5
baseline_a_early,0,ir,0.2,4,0.625,0.3611111111111111
baseline_a_early,0,ir,0.3,0,0.6666666666666666,0.5833333333333334
baseline_a_early,0,ir,0.3,1,0.6666666666666666,0.5277777777777778
baseline_a_early,0,ir,0.3,2,0.6666666666666666,0.5833333333333334
baseline_a_early,0,ir,0.3,3,0.625,0.47222222222222227
baseline_a_early,0,ir,0.3,4,0.625,0.41666666666666663
baseline_a_early,0,ir,0.4,0,0.6666666666666666,0.5277777777777778
baseline_a_early,0,ir,0.4,1,0.625,0.3611111111111111
baseline_a_early,0,ir,0.4,2,0.6666666666666666,0.5555555555555556
baseline_a_early,0,ir,0.4,3,0.625,0.41666666666666663
baseline_a_early,0,ir,0.4,4,0.625,0.3611111111111111
baseline_a_early,0,ir,0.5,0,0.6666666666666666,0.5
baseline_a_early,0,ir,0.5,1,0.625,0.4722222222222223
baseline_a_early,0,ir,0.5,2,0.625,0.3611111111111111
baseline_a_early,0,ir,0.5,3,0.6666666666666666,0.44444444444444453
baseline_a_early,0,ir,0.5,4,0.6666666666666666,0.5277777777777778
baseline_a_early,0,gas,0.0,0,0.625,0.5
baseline_a_early,0,gas,0.0,1,0.625,0.5
baseline_a_early,0,gas,0.0,2,0.625,0.5
baseline_a_early,0,gas,0.0,3,0.625,0.5
baseline_a_early,0,gas,0.0,4,0.625,0.5
baseline_a_early,0,gas,0.1,0,0.6666666666666666,0.5833333333333334
baseline_a_early,0,gas,0.1,1,0.6666666666666666,0.5277777777777778
baseline_a_early,0,gas,0.1,2,0.625,0.5
baseline_a_early,0,gas,0.1,3,0.625,0.5
baseline_a_early,0,gas,0.1,4,0.625,0.5
baseline_a_early,0,gas,0.2,0,0.625,0.5
baseline_a_early,0,gas,0.2,1,0.5333333333333333,0.4444444444444444
baseline_a_early,0,gas,0.2,2,0.625,0.4722222222222223
baseline_a_early,0,gas,0.2,3,0.625,0.4722222222222222
baseline_a_early,0,gas,0.2,4,0.46153846153846156,0.4444444444444444
baseline_a_early,0,gas,0.3,0,0.5714285714285714,0.4722222222222222
baseline_a_early,0,gas,0.3,1,0.5714285714285714,0.4166666666666667
baseline_a_early,0,gas,0.3,2,0.5714285714285714,0.5
baseline_a_early,0,gas,0.3,3,0.625,0.4722222222222222
baseline_a_early,0,gas,0.3,4,0.5714285714285714,0.5277777777777778
baseline_a_early,0,gas,0.4,0,0.5333333333333333,0.36111111111111116
baseline_a_early,0,gas,0.4,1,0.5714285714285714,0.5555555555555556
baseline_a_early,0,gas,0.4,2,0.6153846153846154,0.5
baseline_a_early,0,gas,0.4,3,0.5714285714285714,0.47222222222222227
baseline_a_early,0,gas,0.4,4,0.6153846153846154,0.5
baseline_a_early,0,gas,0.5,0,0.46153846153846156,0.4722222222222222
baseline_a_early,0,gas,0.5,1,0.5,0.4722222222222223
baseline_a_early,0,gas,0.5,2,0.5333333333333333,0.36111111111111116
baseline_a_early,0,gas,0.5,3,0.6153846153846154,0.5
baseline_a_early,0,gas,0.5,4,0.6153846153846154,0.5
baseline_a_early,0,joint,0.0,0,0.625,0.5
baseline_a_early,0,joint,0.0,1,0.625,0.5
baseline_a_early,0,joint,0.0,2,0.625,0.5
baseline_a_early,0,joint,0.0,3,0.625,0.5
baseline_a_early,0,joint,0.0,4,0.625,0.5
baseline_a_early,0,joint,0.1,0,0.6666666666666666,0.5555555555555556
baseline_a_early,0,joint,0.1,1,0.42857142857142855,0.33333333333333337
baseline_a_early,0,joint,0.1,2,0.7058823529411765,0.5555555555555556
baseline_a_early,0,joint,0.1,3,0.625,0.4444444444444444
baseline_a_early,0,joint,0.1,4,0.625,0.5
baseline_a_early,0,joint,0.2,0,0.6153846153846154,0.5555555555555556
baseline_a_early,0,joint,0.2,1,0.7142857142857143,0.5833333333333333
baseline_a_early,0,joint,0.2,2,0.42857142857142855,0.33333333333333337
baseline_a_early,0,joint,0.2,3,0.5714285714285714,0.4722222222222222
baseline_a_early,0,joint,0.2,4,0.46153846153846156,0.4444444444444444
baseline_a_early,0,joint,0.3,0,0.5333333333333333,0.38888888888888895
baseline_a_early,0,joint,0.3,1,0.6666666666666666,0.41666666666666674
baseline_a_early,0,joint,0.3,2,0.6666666666666666,0.4444444444444445
baseline_a_early,0,joint,0.3,3,0.625,0.5
baseline_a_early,0,joint,0.3,4,0.75,0.5277777777777778
baseline_a_early,0,joint,0.4,0,0.7142857142857143,0.47222222222222227
baseline_a_early,0,joint,0.4,1,0.5714285714285714,0.3888888888888889
baseline_a_early,0,joint,0.4,2,0.6666666666666666,0.4722222222222223
baseline_a_early,0,joint,0.4,3,0.5714285714285714,0.4444444444444445
baseline_a_early,0,joint,0.4,4,0.625,0.5277777777777778
baseline_a_early,0,joint,0.5,0,0.3076923076923077,0.3055555555555556
baseline_a_early,0,joint,0.5,1,0.7142857142857143,0.5833333333333334
baseline_a_early,0,joint,0.5,2,0.6666666666666666,0.5833333333333333
baseline_a_early,0,joint,0.5,3,0.6153846153846154,0.3888888888888889
baseline_a_early,0,joint,0.5,4,0.5454545454545454,0.4305555555555556
baseline_a_early,1,rgb,0.0,0,0.6666666666666666,0.33333333333333337
baseline_a_early,1,rgb,0.0,1,0.6666666666666666,0.33333333333333337
baseline_a_early,1,rgb,0.0,2,0.6666666666666666,0.33333333333333337
baseline_a_early,1,rgb,0.0,3,0.6666666666666666,0.33333333333333337
baseline_a_early,1,rgb,0.0,4,0.6666666666666666,0.33333333333333337
baseline_a_early,1,rgb,0.1,0,0.6666666666666666,0.33333333333333337
baseline_a_early,1,rgb,0.1,1,0.6666666666666666,0.3888888888888889
baseline_a_early,1,rgb,0.1,2,0.6666666666666666,0.33333333333333337
baseline_a_early,1,rgb,0.1,3,0.6666666666666666,0.25
baseline_a_early,1,rgb,0.1,4,0.6666666666666666,0.4444444444444444
baseline_a_early,1,rgb,0.2,0,0.6666666666666666,0.33333333333333337
baseline_a_early,1,rgb,0.2,1,0.6666666666666666,0.36111111111111116
baseline_a_early,1,rgb,0.2,2,0.6666666666666666,0.2777777777777778
baseline_a_early,1,rgb,0.2,3,0.6666666666666666,0.1388888888888889
baseline_a_early,1,rgb,0.2,4,0.6666666666666666,0.33333333333333337
baseline_a_early,1,rgb,0.3,0,0.6666666666666666,0.3055555555555556
baseline_a_early,1,rgb,0.3,1,0.6666666666666666,0.44444444444444453
baseline_a_early,1,rgb,0.3,2,0.6666666666666666,0.2222222222222222
baseline_a_early,1,rgb,0.3,3,0.6666666666666666,0.33333333333333337
baseline_a_early,1,rgb,0.3,4,0.6666666666666666,0.25
baseline_a_early,1,rgb,0.4,0,0.6666666666666666,0.4166666666666667
baseline_a_early,1,rgb,0.4,1,0.6666666666666666,0.11111111111111112
baseline_a_early,1,rgb,0.4,2,0.6666666666666666,0.22222222222222224
baseline_a_early,1,rgb,0.4,3,0.6666666666666666,0.16666666666666663
baseline_a_early,1,rgb,0.4,4,0.6666666666666666,0.24999999999999994
baseline_a_early,1,rgb,0.5,0,0.6666666666666666,0.4166666666666667
baseline_a_early,1,rgb,0.5,1,0.6666666666666666,0.05555555555555554
baseline_a_early,1,rgb,0.5,2,0.6666666666666666,0.4444444444444444
baseline_a_early,1,rgb,0.5,3,0.6666666666666666,0.33333333333333337
baseline_a_early,1,rgb,0.5,4,0.6666666666666666,0.3888888888888889
baseline_a_early,1,ir,0.0,0,0.6666666666666666,0.33333333333333337
baseline_a_early,1,ir,0.0,1,0.6666666666666666,0.33333333333333337
baseline_a_early,1,ir,0.0,2,0.6666666666666666,0.33333333333333337
baseline_a_early,1,ir,0.0,3,0.6666666666666666,0.33333333333333337
baseline_a_early,1,ir,0.0,4,0.6666666666666666,0.33333333333333337
baseline_a_early,1,ir,0.1,0,0.6666666666666666,0.25
baseline_a_early,1,ir,0.1,1,0.6666666666666666,0.2777777777777778
baseline_a_early,1,ir,0.1,2,0.6666666666666666,0.33333333333333337
baseline_a_early,1,ir,0.1,3,0.6666666666666666,0.2777777777777778
baseline_a_early,1,ir,0.1,4,0.6666666666666666,0.4166666666666667
baseline_a_early,1,ir,0.2,0,0.6666666666666666,0.41666666666666674
baseline_a_early,1,ir,0.2,1,0.6666666666666666,0.25
baseline_a_early,1,ir,0.2,2,0.6666666666666666,0.1111111111111111
baseline_a_early,1,ir,0.2,3,0.6666666666666666,0.33333333333333337
baseline_a_early,1,ir,0.2,4,0.6666666666666666,0.3055555555555556
baseline_a_early,1,ir,0.3,0,0.6666666666666666,0.16666666666666669
baseline_a_early,1,ir,0.3,1,0.6666666666666666,0.33333333333333337
baseline_a_early,1,ir,0.3,2,0.6666666666666666,0.4166666666666667
baseline_a_early,1,ir,0.3,3,0.6666666666666666,0.3611111111111111
baseline_a_early,1,ir,0.3,4,0.6666666666666666,0.4166666666666667
baseline_a_early,1,ir,0.4,0,0.6666666666666666,0.19444444444444445
baseline_a_early,1,ir,0.4,1,0.6666666666666666,0.16666666666666666
baseline_a_early,1,ir,0.4,2,0.6666666666666666,0.36111111111111105
baseline_a_early,1,ir,0.4,3,0.6666666666666666,0.16666666666666669
baseline_a_early,1,ir,0.4,4,0.6666666666666666,0.3055555555555556
baseline_a_early,1,ir,0.5,0,0.6666666666666666,0.25
baseline_a_early,1,ir,0.5,1,0.6666666666666666,0.4722222222222222
baseline_a_early,1,ir,0.5,2,0.6666666666666666,0.3888888888888889
baseline_a_early,1,ir,0.5,3,0.6666666666666666,0.13888888888888887
baseline_a_early,1,ir,0.5,4,0.6666666666666666,0.3888888888888889
baseline_a_early,1,gas,0.0,0,0.6666666666666666,0.33333333333333337
baseline_a_early,1,gas,0.0,1,0.6666666666666666,0.33333333333333337
baseline_a_early,1,gas,0.0,2,0.6666666666666666,0.33333333333333337
baseline_a_early,1,gas,0.0,3,0.6666666666666666,0.33333333333333337
baseline_a_early,1,gas,0.0,4,0.6666666666666666,0.33333333333333337
baseline_a_early,1,gas,0.1,0,0.6666666666666666,0.33333333333333337
baseline_a_early,1,gas,0.1,1,0.6666666666666666,0.3055555555555556
baseline_a_early,1,gas,0.1,2,0.6666666666666666,0.2777777777777778
baseline_a_early,1,gas,0.1,3,0.6666666666666666,0.3055555555555556
baseline_a_early,1,gas,0.1,4,0.6666666666666666,0.33333333333333337
baseline_a_early,1,gas,0.2,0,0.6666666666666666,0.33333333333333337
baseline_a_early,1,gas,0.2,1,0.6666666666666666,0.33333333333333337
baseline_a_early,1,gas,0.2,2,0.6666666666666666,0.2777777777777778
baseline_a_early,1,gas,0.2,3,0.6666666666666666,0.33333333333333337
baseline_a_early,1,gas,0.2,4,0.6666666666666666,0.3055555555555556
baseline_a_early,1,gas,0.3,0,0.6666666666666666,0.3055555555555556
baseline_a_early,1,gas,0.3,1,0.6666666666666666,0.33333333333333337
baseline_a_early,1,gas,0.3,2,0.6666666666666666,0.3888888888888889
baseline_a_early,1,gas,0.3,3,0.6666666666666666,0.3888888888888889
baseline_a_early,1,gas,0.3,4,0.6666666666666666,0.2777777777777778
baseline_a_early,1,gas,0.4,0,0.6666666666666666,0.33333333333333337
baseline_a_early,1,gas,0.4,1,0.6666666666666666,0.3611111111111111
baseline_a_early,1,gas,0.4,2,0.6666666666666666,0.25
baseline_a_early,1,gas,0.4,3,0.6666666666666666,0.33333333333333337
baseline_a_early,1,gas,0.4,4,0.6666666666666666,0.2777777777777778
baseline_a_early,1,gas,0.5,0,0.6666666666666666,0.3611111111111111
baseline_a_early,1,gas,0.5,1,0.6666666666666666,0.33333333333333337
baseline_a_early,1,gas,0.5,2,0.6666666666666666,0.33333333333333337
baseline_a_early,1,gas,0.5,3,0.6666666666666666,0.3055555555555556
baseline_a_early,1,gas,0.5,4,0.6666666666666666,0.2777777777777778
baseline_a_early,1,joint,0.0,0,0.6666666666666666,0.33333333333333337
baseline_a_early,1,joint,0.0,1,0.6666666666666666,0.33333333333333337
baseline_a_early,1,joint,0.0,2,0.6666666666666666,0.33333333333333337
baseline_a_early,1,joint,0.0,3,0.6666666666666666,0.33333333333333337
baseline_a_early,1,joint,0.0,4,0.6666666666666666,0.33333333333333337
baseline_a_early,1,joint,0.1,0,0.6666666666666666,0.36111111111111116
baseline_a_early,1,joint,0.1,1,0.6666666666666666,0.3055555555555556
baseline_a_early,1,joint,0.1,2,0.6666666666666666,0.3888888888888889
baseline_a_early,1,joint,0.1,3,0.6666666666666666,0.3888888888888889
baseline_a_early,1,joint,0.1,4,0.6666666666666666,0.33333333333333337
baseline_a_early,1,joint,0.2,0,0.6666666666666666,0.3055555555555556
baseline_a_early,1,joint,0.2,1,0.6666666666666666,0.3333333333333333
baseline_a_early,1,joint,0.2,2,0.6666666666666666,0.33333333333333337
baseline_a_early,1,joint,0.2,3,0.6666666666666666,0.4444444444444445
baseline_a_early,1,joint,0.2,4,0.6666666666666666,0.3611111111111111
baseline_a_early,1,joint,0.3,0,0.6666666666666666,0.19444444444444442
baseline_a_early,1,joint,0.3,1,0.6666666666666666,0.11111111111111112
baseline_a_early,1,joint,0.3,2,0.6666666666666666,0.05555555555555554
baseline_a_early,1,joint,0.3,3,0.6666666666666666,0.13888888888888887
baseline_a_early,1,joint,0.3,4,0.6666666666666666,0.4722222222222222
baseline_a_early,1,joint,0.4,0,0.6666666666666666,0.6111111111111112
baseline_a_early,1,joint,0.4,1,0.6666666666666666,0.47222222222222227
baseline_a_early,1,joint,0.4,2,0.6666666666666666,0.3611111111111111
baseline_a_early,1,joint,0.4,3,0.6666666666666666,0.4027777777777778
baseline_a_early,1,joint,0.4,4,0.6666666666666666,0.36111111111111116
baseline_a_early,1,joint,0.5,0,0.6666666666666666,0.3333333333333333
baseline_a_early,1,joint,0.5,1,0.6666666666666666,0.25
baseline_a_early,1,joint,0.5,2,0.6666666666666666,0.4444444444444444
baseline_a_early,1,joint,0.5,3,0.6666666666666666,0.8055555555555556
baseline_a_early,1,joint,0.5,4,0.6666666666666666,0.16666666666666666
baseline_a_early,2,rgb,0.0,0,0.3333333333333333,0.47222222222222227
baseline_a_early,2,rgb,0.0,1,0.3333333333333333,0.47222222222222227
baseline_a_early,2,rgb,0.0,2,0.3333333333333333,0.47222222222222227
baseline_a_early,2,rgb,0.0,3,0.3333333333333333,0.47222222222222227
baseline_a_early,2,rgb,0.0,4,0.3333333333333333,0.47222222222222227
baseline_a_early,2,rgb,0.1,0,0.36363636363636365,0.5277777777777779
baseline_a_early,2,rgb,0.1,1,0.3333333333333333,0.38888888888888895
baseline_a_early,2,rgb,0.1,2,0.3333333333333333,0.36111111111111116
baseline_a_early,2,rgb,0.1,3,0.36363636363636365,0.5833333333333334
baseline_a_early,2,rgb,0.1,4,0.3333333333333333,0.47222222222222227
baseline_a_early,2,rgb,0.2,0,0.3333333333333333,0.4444444444444445
baseline_a_early,2,rgb,0.2,1,0.3333333333333333,0.47222222222222227
baseline_a_early,2,rgb,0.2,2,0.3333333333333333,0.4444444444444445
baseline_a_early,2,rgb,0.2,3,0.3333333333333333,0.4444444444444445
baseline_a_early,2,rgb,0.2,4,0.36363636363636365,0.5277777777777778
baseline_a_early,2,rgb,0.3,0,0.36363636363636365,0.5555555555555556
baseline_a_early,2,rgb,0.3,1,0.36363636363636365,0.3888888888888889
baseline_a_early,2,rgb,0.3,2,0.36363636363636365,0.5555555555555556
baseline_a_early,2,rgb,0.3,3,0.18181818181818182,0.3611111111111111
baseline_a_early,2,rgb,0.3,4,0.36363636363636365,0.44444444444444453
baseline_a_early,2,rgb,0.4,0,0.3333333333333333,0.41666666666666674
baseline_a_early,2,rgb,0.4,1,0.2,0.3611111111111111
baseline_a_early,2,rgb,0.4,2,0.2,0.3611111111111111
baseline_a_early,2,rgb,0.4,3,0.36363636363636365,0.41666666666666663
baseline_a_early,2,rgb,0.4,4,0.18181818181818182,0.25
baseline_a_early,2,rgb,0.5,0,0.2,0.3611111111111111
baseline_a_early,2,rgb,0.5,1,0.2,0.47222222222222227
baseline_a_early,2,rgb,0.5,2,0.36363636363636365,0.5555555555555556
baseline_a_early,2,rgb,0.5,3,0.2222222222222222,0.41666666666666663
baseline_a_early,2,rgb,0.5,4,0.36363636363636365,0.5555555555555556
baseline_a_early,2,ir,0.0,0,0.3333333333333333,0.47222222222222227
baseline_a_early,2,ir,0.0,1,0.3333333333333333,0.47222222222222227
baseline_a_early,2,ir,0.0,2,0.3333333333333333,0.47222222222222227
baseline_a_early,2,ir,0.0,3,0.3333333333333333,0.47222222222222227
baseline_a_early,2,ir,0.0,4,0.3333333333333333,0.47222222222222227
baseline_a_early,2,ir,0.1,0,0.3333333333333333,0.38888888888888895
baseline_a_early,2,ir,0.1,1,0.3333333333333333,0.47222222222222227
baseline_a_early,2,ir,0.1,2,0.3333333333333333,0.47222222222222227
baseline_a_early,2,ir,0.1,3,0.3333333333333333,0.4444444444444445
baseline_a_early,2,ir,0.1,4,0.3333333333333333,0.4444444444444445
baseline_a_early,2,ir,0.2,0,0.3333333333333333,0.41666666666666674
baseline_a_early,2,ir,0.2,1,0.18181818181818182,0.3888888888888889
baseline_a_early,2,ir,0.2,2,0.3333333333333333,0.33333333333333337
baseline_a_early,2,ir,0.2,3,0.3333333333333333,0.38888888888888895
baseline_a_early,2,ir,0.2,4,0.2,0.47222222222222227
baseline_a_early,2,ir,0.3,0,0.36363636363636365,0.5833333333333334
baseline_a_early,2,ir,0.3,1,0.18181818181818182,0.38888888888888895
baseline_a_early,2,ir,0.3,2,0.36363636363636365,0.5
baseline_a_early,2,ir,0.3,3,0.36363636363636365,0.5555555555555556
baseline_a_early,2,ir,0.3,4,0.36363636363636365,0.5555555555555556
baseline_a_early,2,ir,0.4,0,0.2,0.38888888888888895
baseline_a_early,2,ir,0.4,1,0.3333333333333333,0.3611111111111111
baseline_a_early,2,ir,0.4,2,0.36363636363636365,0.44444444444444453
baseline_a_early,2,ir,0.4,3,0.18181818181818182,0.33333333333333337
baseline_a_early,2,ir,0.4,4,0.18181818181818182,0.2777777777777778
baseline_a_early,2,ir,0.5,0,0.36363636363636365,0.44444444444444453
baseline_a_early,2,ir,0.5,1,0.2222222222222222,0.5833333333333333
baseline_a_early,2,ir,0.5,2,0.36363636363636365,0.4166666666666667
baseline_a_early,2,ir,0.5,3,0.4,0.41666666666666663
baseline_a_early,2,ir,0.5,4,0.36363636363636365,0.5833333333333334
baseline_a_early,2,gas,0.0,0,0.3333333333333333,0.47222222222222227
baseline_a_early,2,gas,0.0,1,0.3333333333333333,0.47222222222222227
baseline_a_early,2,gas,0.0,2,0.3333333333333333,0.47222222222222227
baseline_a_early,2,gas,0.0,3,0.3333333333333333,0.47222222222222227
baseline_a_early,2,gas,0.0,4,0.3333333333333333,0.47222222222222227
baseline_a_early,2,gas,0.1,0,0.36363636363636365,0.47222222222222227
baseline_a_early,2,gas,0.1,1,0.3333333333333333,0.47222222222222227
baseline_a_early,2,gas,0.1,2,0.3333333333333333,0.47222222222222227
baseline_a_early,2,gas,0.1,3,0.3333333333333333,0.47222222222222227
baseline_a_early,2,gas,0.1,4,0.46153846153846156,0.5277777777777778
baseline_a_early,2,gas,0.2,0,0.36363636363636365,0.47222222222222227
baseline_a_early,2,gas,0.2,1,0.3333333333333333,0.47222222222222227
baseline_a_early,2,gas,0.2,2,0.3333333333333333,0.47222222222222227
baseline_a_early,2,gas,0.2,3,0.3333333333333333,0.47222222222222227
baseline_a_early,2,gas,0.2,4,0.3333333333333333,0.47222222222222227
baseline_a_early,2,gas,0.3,0,0.46153846153846156,0.47222222222222227
baseline_a_early,2,gas,0.3,1,0.4,0.5555555555555556
baseline_a_early,2,gas,0.3,2,0.46153846153846156,0.5
baseline_a_early,2,gas,0.3,3,0.3333333333333333,0.47222222222222227
baseline_a_early,2,gas,0.3,4,0.2222222222222222,0.5
baseline_a_early,2,gas,0.4,0,0.6153846153846154,0.5833333333333334
baseline_a_early,2,gas,0.4,1,0.5454545454545454,0.5833333333333334
baseline_a_early,2,gas,0.4,2,0.36363636363636365,0.5277777777777779
baseline_a_early,2,gas,0.4,3,0.18181818181818182,0.4166666666666667
baseline_a_early,2,gas,0.4,4,0.5714285714285714,0.5277777777777778
baseline_a_early,2,gas,0.5,0,0.36363636363636365,0.5555555555555556
baseline_a_early,2,gas,0.5,1,0.4,0.5555555555555556
baseline_a_early,2,gas,0.5,2,0.4,0.5555555555555556
baseline_a_early,2,gas,0.5,3,0.5454545454545454,0.5833333333333334
baseline_a_early,2,gas,0.5,4,0.46153846153846156,0.5
baseline_a_early,2,joint,0.0,0,0.3333333333333333,0.47222222222222227
baseline_a_early,2,joint,0.0,1,0.3333333333333333,0.47222222222222227
baseline_a_early,2,joint,0.0,2,0.3333333333333333,0.47222222222222227
baseline_a_early,2,joint,0.0,3,0.3333333333333333,0.47222222222222227
baseline_a_early,2,joint,0.0,4,0.3333333333333333,0.47222222222222227
baseline_a_early,2,joint,0.1,0,0.36363636363636365,0.47222222222222227
baseline_a_early,2,joint,0.1,1,0.18181818181818182,0.3055555555555556
baseline_a_early,2,joint,0.1,2,0.36363636363636365,0.5555555555555556
baseline_a_early,2,joint,0.1,3,0.3333333333333333,0.41666666666666674
baseline_a_early,2,joint,0.1,4,0.3333333333333333,0.4722222222222222
baseline_a_early,2,joint,0.2,0,0.2222222222222222,0.38888888888888884
baseline_a_early,2,joint,0.2,1,0.2222222222222222,0.5555555555555556
baseline_a_early,2,joint,0.2,2,0.36363636363636365,0.5
baseline_a_early,2,joint,0.2,3,0.2,0.4444444444444444
baseline_a_early,2,joint,0.2,4,0.4,0.47222222222222227
baseline_a_early,2,joint,0.3,0,0.2222222222222222,0.4166666666666667
baseline_a_early,2,joint,0.3,1,0.2,0.3333333333333333
baseline_a_early,2,joint,0.3,2,0.2,0.4166666666666667
baseline_a_early,2,joint,0.3,3,0.2,0.5
baseline_a_early,2,joint,0.3,4,0.25,0.4444444444444444
baseline_a_early,2,joint,0.4,0,0.0,0.25
baseline_a_early,2,joint,0.4,1,0.2222222222222222,0.5833333333333334
baseline_a_early,2,joint,0.4,2,0.2222222222222222,0.6388888888888888
baseline_a_early,2,joint,0.4,3,0.2222222222222222,0.47222222222222227
baseline_a_early,2,joint,0.4,4,0.36363636363636365,0.4444444444444444
baseline_a_early,2,joint,0.5,0,0.4,0.513888888888889
baseline_a_early,2,joint,0.5,1,0.0,0.5555555555555556
baseline_a_early,2,joint,0.5,2,0.4444444444444444,0.41666666666666663
baseline_a_early,2,joint,0.5,3,0.4444444444444444,0.4722222222222222
baseline_a_early,2,joint,0.5,4,0.25,0.7222222222222223
baseline_a_early,3,rgb,0.0,0,0.6666666666666666,0.5833333333333334
baseline_a_early,3,rgb,0.0,1,0.6666666666666666,0.5833333333333334
baseline_a_early,3,rgb,0.0,2,0.6666666666666666,0.5833333333333334
baseline_a_early,3,rgb,0.0,3,0.6666666666666666,0.5833333333333334
baseline_a_early,3,rgb,0.0,4,0.6666666666666666,0.5833333333333334
baseline_a_early,3,rgb,0.1,0,0.625,0.5
baseline_a_early,3,rgb,0.1,1,0.625,0.5555555555555556
baseline_a_early,3,rgb,0.1,2,0.6666666666666666,0.5833333333333334
baseline_a_early,3,rgb,0.1,3,0.6666666666666666,0.5833333333333334
baseline_a_early,3,rgb,0.1,4,0.6666666666666666,0.5833333333333334
baseline_a_early,3,rgb,0.2,0,0.6666666666666666,0.5277777777777778
baseline_a_early,3,rgb,0.2,1,0.7142857142857143,0.6111111111111112
baseline_a_early,3,rgb,0.2,2,0.6666666666666666,0.5833333333333334
baseline_a_early,3,rgb,0.2,3,0.6666666666666666,0.5833333333333334
baseline_a_early,3,rgb,0.2,4,0.6666666666666666,0.5277777777777778
baseline_a_early,3,rgb,0.3,0,0.6666666666666666,0.5555555555555556
baseline_a_early,3,rgb,0.3,1,0.7142857142857143,0.6111111111111112
baseline_a_early,3,rgb,0.3,2,0.625,0.5
baseline_a_early,3,rgb,0.3,3,0.6666666666666666,0.5833333333333334
baseline_a_early,3,rgb,0.3,4,0.6666666666666666,0.5833333333333334
baseline_a_early,3,rgb,0.4,0,0.7142857142857143,0.5833333333333334
baseline_a_early,3,rgb,0.4,1,0.6666666666666666,0.5555555555555556
baseline_a_early,3,rgb,0.4,2,0.6666666666666666,0.5833333333333334
baseline_a_early,3,rgb,0.4,3,0.6666666666666666,0.6111111111111112
baseline_a_early,3,rgb,0.4,4,0.6666666666666666,0.5833333333333334
baseline_a_early,3,rgb,0.5,0,0.5714285714285714,0.41666666666666663
baseline_a_early,3,rgb,0.5,1,0.7142857142857143,0.5833333333333334
baseline_a_early,3,rgb,0.5,2,0.6153846153846154,0.5277777777777778
baseline_a_early,3,rgb,0.5,3,0.5333333333333333,0.4722222222222222
baseline_a_early,3,rgb,0.5,4,0.6153846153846154,0.47222222222222227
baseline_a_early,3,ir,0.0,0,0.6666666666666666,0.5833333333333334
baseline_a_early,3,ir,0.0,1,0.6666666666666666,0.5833333333333334
baseline_a_early,3,ir,0.0,2,0.6666666666666666,0.5833333333333334
baseline_a_early,3,ir,0.0,3,0.6666666666666666,0.5833333333333334
baseline_a_early,3,ir,0.0,4,0.6666666666666666,0.5833333333333334
baseline_a_early,3,ir,0.1,0,0.6666666666666666,0.5833333333333334
baseline_a_early,3,ir,0.1,1,0.6666666666666666,0.5833333333333334
baseline_a_early,3,ir,0.1,2,0.6666666666666666,0.5833333333333334
baseline_a_early,3,ir,0.1,3,0.6666666666666666,0.5833333333333334
baseline_a_early,3,ir,0.1,4,0.6666666666666666,0.5277777777777778
baseline_a_early,3,ir,0.2,0,0.6666666666666666,0.5833333333333334
baseline_a_early,3,ir,0.2,1,0.7142857142857143,0.5833333333333334
baseline_a_early,3,ir,0.2,2,0.6666666666666666,0.6111111111111112
baseline_a_early,3,ir,0.2,3,0.6666666666666666,0.6111111111111112
baseline_a_early,3,ir,0.2,4,0.6666666666666666,0.5277777777777778
baseline_a_early,3,ir,0.3,0,0.7142857142857143,0.6111111111111112
baseline_a_early,3,ir,0.3,1,0.6666666666666666,0.5833333333333334
baseline_a_early,3,ir,0.3,2,0.7142857142857143,0.5833333333333334
baseline_a_early,3,ir,0.3,3,0.6666666666666666,0.5277777777777778
baseline_a_early,3,ir,0.3,4,0.7142857142857143,0.5833333333333334
baseline_a_early,3,ir,0.4,0,0.6666666666666666,0.5
baseline_a_early,3,ir,0.4,1,0.7142857142857143,0.5555555555555556
baseline_a_early,3,ir,0.4,2,0.7142857142857143,0.5833333333333334
baseline_a_early,3,ir,0.4,3,0.6666666666666666,0.5555555555555556
baseline_a_early,3,ir,0.4,4,0.7142857142857143,0.5833333333333334
baseline_a_early,3,ir,0.5,0,0.6666666666666666,0.6111111111111112
baseline_a_early,3,ir,0.5,1,0.7142857142857143,0.5555555555555556
baseline_a_early,3,ir,0.5,2,0.6666666666666666,0.5833333333333334
baseline_a_early,3,ir,0.5,3,0.7142857142857143,0.5833333333333334
baseline_a_early,3,ir,0.5,4,0.7142857142857143,0.5833333333333334
baseline_a_early,3,gas,0.0,0,0.6666666666666666,0.5833333333333334
baseline_a_early,3,gas,0.0,1,0.6666666666666666,0.5833333333333334
baseline_a_early,3,gas,0.0,2,0.6666666666666666,0.5833333333333334
baseline_a_early,3,gas,0.0,3,0.6666666666666666,0.5833333333333334
baseline_a_early,3,gas,0.0,4,0.6666666666666666,0.5833333333333334
baseline_a_early,3,gas,0.1,0,0.6666666666666666,0.5833333333333334
baseline_a_early,3,gas,0.1,1,0.7142857142857143,0.6111111111111112
baseline_a_early,3,gas,0.1,2,0.6666666666666666,0.5833333333333334
baseline_a_early,3,gas,0.1,3,0.6666666666666666,0.5833333333333334
baseline_a_early,3,gas,0.1,4,0.6666666666666666,0.5833333333333334
baseline_a_early,3,gas,0.2,0,0.6666666666666666,0.6111111111111112
baseline_a_early,3,gas,0.2,1,0.6153846153846154,0.5555555555555556
baseline_a_early,3,gas,0.2,2,0.6666666666666666,0.5833333333333334
baseline_a_early,3,gas,0.2,3,0.6666666666666666,0.6111111111111112
baseline_a_early,3,gas,0.2,4,0.6666666666666666,0.6111111111111112
baseline_a_early,3,gas,0.3,0,0.5714285714285714,0.5
baseline_a_early,3,gas,0.3,1,0.6153846153846154,0.5555555555555556
baseline_a_early,3,gas,0.3,2,0.6666666666666666,0.6111111111111112
baseline_a_early,3,gas,0.3,3,0.6666666666666666,0.5833333333333334
baseline_a_early,3,gas,0.3,4,0.6666666666666666,0.5833333333333334
baseline_a_early,3,gas,0.4,0,0.5714285714285714,0.5277777777777778
baseline_a_early,3,gas,0.4,1,0.6666666666666666,0.5833333333333334
baseline_a_early,3,gas,0.4,2,0.6666666666666666,0.5833333333333334
baseline_a_early,3,gas,0.4,3,0.5714285714285714,0.5277777777777778
baseline_a_early,3,gas,0.4,4,0.5714285714285714,0.5
baseline_a_early,3,gas,0.5,0,0.5714285714285714,0.5
baseline_a_early,3,gas,0.5,1,0.6666666666666666,0.6111111111111112
baseline_a_early,3,gas,0.5,2,0.6153846153846154,0.5555555555555556
baseline_a_early,3,gas,0.5,3,0.6153846153846154,0.5833333333333334
baseline_a_early,3,gas,0.5,4,0.5714285714285714,0.5277777777777778
baseline_a_early,3,joint,0.0,0,0.6666666666666666,0.5833333333333334
baseline_a_early,3,joint,0.0,1,0.6666666666666666,0.5833333333333334
baseline_a_early,3,joint,0.0,2,0.6666666666666666,0.5833333333333334
baseline_a_early,3,joint,0.0,3,0.6666666666666666,0.5833333333333334
baseline_a_early,3,joint,0.0,4,0.6666666666666666,0.5833333333333334
baseline_a_early,3,joint,0.1,0,0.6666666666666666,0.5833333333333334
baseline_a_early,3,joint,0.1,1,0.6666666666666666,0.5555555555555556
baseline_a_early,3,joint,0.1,2,0.6153846153846154,0.5277777777777778
baseline_a_early,3,joint,0.1,3,0.6666666666666666,0.5833333333333334
baseline_a_early,3,joint,0.1,4,0.6666666666666666,0.5555555555555556
baseline_a_early,3,joint,0.2,0,0.6153846153846154,0.5
baseline_a_early,3,joint,0.2,1,0.6666666666666666,0.5277777777777778
baseline_a_early,3,joint,0.2,2,0.6666666666666666,0.6111111111111112
baseline_a_early,3,joint,0.2,3,0.75,0.5277777777777778
baseline_a_early,3,joint,0.2,4,0.5714285714285714,0.5277777777777778
baseline_a_early,3,joint,0.3,0,0.5333333333333333,0.3888888888888889
baseline_a_early,3,joint,0.3,1,0.5714285714285714,0.5
baseline_a_early,3,joint,0.3,2,0.6666666666666666,0.5555555555555556
baseline_a_early,3,joint,0.3,3,0.6666666666666666,0.5555555555555556
baseline_a_early,3,joint,0.3,4,0.6666666666666666,0.5555555555555556
baseline_a_early,3,joint,0.4,0,0.5454545454545454,0.4722222222222222
baseline_a_early,3,joint,0.4,1,0.6153846153846154,0.5
baseline_a_early,3,joint,0.4,2,0.6153846153846154,0.5555555555555556
baseline_a_early,3,joint,0.4,3,0.7142857142857143,0.5
baseline_a_early,3,joint,0.4,4,0.5,0.5555555555555556
baseline_a_early,3,joint,0.5,0,0.5,0.4722222222222222
baseline_a_early,3,joint,0.5,1,0.5714285714285714,0.36111111111111116
baseline_a_early,3,joint,0.5,2,0.7692307692307693,0.6944444444444445
baseline_a_early,3,joint,0.5,3,0.7142857142857143,0.5277777777777778
baseline_a_early,3,joint,0.5,4,0.46153846153846156,0.44444444444444453
baseline_a_early,4,rgb,0.0,0,0.6666666666666666,0.4722222222222222
baseline_a_early,4,rgb,0.0,1,0.6666666666666666,0.4722222222222222
baseline_a_early,4,rgb,0.0,2,0.6666666666666666,0.4722222222222222
baseline_a_early,4,rgb,0.0,3,0.6666666666666666,0.4722222222222222
baseline_a_early,4,rgb,0.0,4,0.6666666666666666,0.4722222222222222
baseline_a_early,4,rgb,0.1,0,0.6666666666666666,0.5
baseline_a_early,4,rgb,0.1,1,0.6666666666666666,0.4722222222222222
baseline_a_early,4,rgb,0.1,2,0.6666666666666666,0.5555555555555556
baseline_a_early,4,rgb,0.1,3,0.6666666666666666,0.4722222222222222
baseline_a_early,4,rgb,0.1,4,0.6666666666666666,0.4722222222222222
baseline_a_early,4,rgb,0.2,0,0.6666666666666666,0.5277777777777778
baseline_a_early,4,rgb,0.2,1,0.6666666666666666,0.4444444444444444
baseline_a_early,4,rgb,0.2,2,0.6666666666666666,0.4722222222222222
baseline_a_early,4,rgb,0.2,3,0.6666666666666666,0.5555555555555556
baseline_a_early,4,rgb,0.2,4,0.6666666666666666,0.4444444444444444
baseline_a_early,4,rgb,0.3,0,0.6666666666666666,0.4444444444444444
baseline_a_early,4,rgb,0.3,1,0.6666666666666666,0.5
baseline_a_early,4,rgb,0.3,2,0.6666666666666666,0.4722222222222222
baseline_a_early,4,rgb,0.3,3,0.6666666666666666,0.4444444444444444
baseline_a_early,4,rgb,0.3,4,0.6666666666666666,0.5277777777777779
baseline_a_early,4,rgb,0.4,0,0.6666666666666666,0.5277777777777778
baseline_a_early,4,rgb,0.4,1,0.6666666666666666,0.5833333333333334
baseline_a_early,4,rgb,0.4,2,0.6666666666666666,0.4444444444444444
baseline_a_early,4,rgb,0.4,3,0.6666666666666666,0.5
baseline_a_early,4,rgb,0.4,4,0.6666666666666666,0.3333333333333333
baseline_a_early,4,rgb,0.5,0,0.6666666666666666,0.6111111111111112
baseline_a_early,4,rgb,0.5,1,0.6666666666666666,0.5833333333333334
baseline_a_early,4,rgb,0.5,2,0.6666666666666666,0.4166666666666667
baseline_a_early,4,rgb,0.5,3,0.6666666666666666,0.41666666666666663
baseline_a_early,4,rgb,0.5,4,0.6666666666666666,0.3888888888888889
baseline_a_early,4,ir,0.0,0,0.6666666666666666,0.4722222222222222
baseline_a_early,4,ir,0.0,1,0.6666666666666666,0.4722222222222222
baseline_a_early,4,ir,0.0,2,0.6666666666666666,0.4722222222222222
baseline_a_early,4,ir,0.0,3,0.6666666666666666,0.4722222222222222
baseline_a_early,4,ir,0.0,4,0.6666666666666666,0.4722222222222222
baseline_a_early,4,ir,0.1,0,0.6666666666666666,0.5
baseline_a_early,4,ir,0.1,1,0.6666666666666666,0.38888888888888884
baseline_a_early,4,ir,0.1,2,0.6666666666666666,0.5
baseline_a_early,4,ir,0.1,3,0.6666666666666666,0.4722222222222222
baseline_a_early,4,ir,0.1,4,0.6666666666666666,0.4722222222222222
baseline_a_early,4,ir,0.2,0,0.6666666666666666,0.4722222222222222
baseline_a_early,4,ir,0.2,1,0.6666666666666666,0.6666666666666666
baseline_a_early,4,ir,0.2,2,0.6666666666666666,0.41666666666666663
baseline_a_early,4,ir,0.2,3,0.6666666666666666,0.41666666666666663
baseline_a_early,4,ir,0.2,4,0.6666666666666666,0.5277777777777779
baseline_a_early,4,ir,0.3,0,0.6666666666666666,0.4444444444444444
baseline_a_early,4,ir,0.3,1,0.6666666666666666,0.3888888888888889
baseline_a_early,4,ir,0.3,2,0.6666666666666666,0.5555555555555556
baseline_a_early,4,ir,0.3,3,0.6666666666666666,0.7222222222222223
baseline_a_early,4,ir,0.3,4,0.6666666666666666,0.3611111111111111
baseline_a_early,4,ir,0.4,0,0.6666666666666666,0.33333333333333337
baseline_a_early,4,ir,0.4,1,0.6666666666666666,0.5
baseline_a_early,4,ir,0.4,2,0.6666666666666666,0.6388888888888888
baseline_a_early,4,ir,0.4,3,0.6666666666666666,0.5555555555555556
baseline_a_early,4,ir,0.4,4,0.6666666666666666,0.5555555555555556
baseline_a_early,4,ir,0.5,0,0.6666666666666666,0.1388888888888889
baseline_a_early,4,ir,0.5,1,0.6666666666666666,0.3611111111111111
baseline_a_early,4,ir,0.5,2,0.6666666666666666,0.6666666666666667
baseline_a_early,4,ir,0.5,3,0.6666666666666666,0.4444444444444445
baseline_a_early,4,ir,0.5,4,0.6666666666666666,0.4722222222222222
baseline_a_early,4,gas,0.0,0,0.6666666666666666,0.4722222222222222
baseline_a_early,4,gas,0.0,1,0.6666666666666666,0.4722222222222222
baseline_a_early,4,gas,0.0,2,0.6666666666666666,0.4722222222222222
baseline_a_early,4,gas,0.0,3,0.6666666666666666,0.4722222222222222
baseline_a_early,4,gas,0.0,4,0.6666666666666666,0.4722222222222222
baseline_a_early,4,gas,0.1,0,0.6666666666666666,0.5277777777777778
baseline_a_early,4,gas,0.1,1,0.6666666666666666,0.5277777777777778
baseline_a_early,4,gas,0.1,2,0.6666666666666666,0.4722222222222222
baseline_a_early,4,gas,0.1,3,0.6666666666666666,0.4722222222222222
baseline_a_early,4,gas,0.1,4,0.6666666666666666,0.5
baseline_a_early,4,gas,0.2,0,0.6666666666666666,0.5555555555555556
baseline_a_early,4,gas,0.2,1,0.6666666666666666,0.5555555555555556
baseline_a_early,4,gas,0.2,2,0.6666666666666666,0.5833333333333334
baseline_a_early,4,gas,0.2,3,0.6666666666666666,0.5
baseline_a_early,4,gas,0.2,4,0.6666666666666666,0.5277777777777778
baseline_a_early,4,gas,0.3,0,0.6666666666666666,0.4722222222222222
baseline_a_early,4,gas,0.3,1,0.6666666666666666,0.5833333333333334
baseline_a_early,4,gas,0.3,2,0.6666666666666666,0.4722222222222222
baseline_a_early,4,gas,0.3,3,0.6666666666666666,0.4722222222222222
baseline_a_early,4,gas,0.3,4,0.6666666666666666,0.5833333333333334
baseline_a_early,4,gas,0.4,0,0.6666666666666666,0.5833333333333334
baseline_a_early,4,gas,0.4,1,0.6666666666666666,0.5555555555555556
baseline_a_early,4,gas,0.4,2,0.6666666666666666,0.5833333333333334
baseline_a_early,4,gas,0.4,3,0.6666666666666666,0.5277777777777778
baseline_a_early,4,gas,0.4,4,0.6666666666666666,0.611111111111111
baseline_a_early,4,gas,0.5,0,0.6666666666666666,0.5833333333333334
baseline_a_early,4,gas,0.5,1,0.6666666666666666,0.5277777777777778
baseline_a_early,4,gas,0.5,2,0.6666666666666666,0.5277777777777778
baseline_a_early,4,gas,0.5,3,0.6666666666666666,0.5277777777777778
baseline_a_early,4,gas,0.5,4,0.6666666666666666,0.5555555555555556
baseline_a_early,4,joint,0.0,0,0.6666666666666666,0.4722222222222222
baseline_a_early,4,joint,0.0,1,0.6666666666666666,0.4722222222222222
baseline_a_early,4,joint,0.0,2,0.6666666666666666,0.4722222222222222
baseline_a_early,4,joint,0.0,3,0.6666666666666666,0.4722222222222222
baseline_a_early,4,joint,0.0,4,0.6666666666666666,0.4722222222222222
baseline_a_early,4,joint,0.1,0,0.6666666666666666,0.5833333333333333
baseline_a_early,4,joint,0.1,1,0.6666666666666666,0.4444444444444444
baseline_a_early,4,joint,0.1,2,0.6666666666666666,0.47222222222222215
baseline_a_early,4,joint,0.1,3,0.6666666666666666,0.6111111111111112
baseline_a_early,4,joint,0.1,4,0.6666666666666666,0.5
baseline_a_early,4,joint,0.2,0,0.6666666666666666,0.47222222222222215
baseline_a_early,4,joint,0.2,1,0.6666666666666666,0.75
baseline_a_early,4,joint,0.2,2,0.6666666666666666,0.41666666666666663
baseline_a_early,4,joint,0.2,3,0.6666666666666666,0.5555555555555556
baseline_a_early,4,joint,0.2,4,0.6666666666666666,0.2222222222222222
baseline_a_early,4,joint,0.3,0,0.6666666666666666,0.5
baseline_a_early,4,joint,0.3,1,0.6666666666666666,0.5
baseline_a_early,4,joint,0.3,2,0.6666666666666666,0.5555555555555556
baseline_a_early,4,joint,0.3,3,0.6666666666666666,0.4444444444444444
baseline_a_early,4,joint,0.3,4,0.6666666666666666,0.5
baseline_a_early,4,joint,0.4,0,0.6666666666666666,0.5277777777777778
baseline_a_early,4,joint,0.4,1,0.6666666666666666,0.5833333333333333
baseline_a_early,4,joint,0.4,2,0.6666666666666666,0.5833333333333334
baseline_a_early,4,joint,0.4,3,0.6666666666666666,0.6944444444444444
baseline_a_early,4,joint,0.4,4,0.6666666666666666,0.5555555555555556
baseline_a_early,4,joint,0.5,0,0.6666666666666666,0.33333333333333337
baseline_a_early,4,joint,0.5,1,0.6666666666666666,0.6388888888888888
baseline_a_early,4,joint,0.5,2,0.6666666666666666,0.5
baseline_a_early,4,joint,0.5,3,0.6666666666666666,0.638888888888889
baseline_a_early,4,joint,0.5,4,0.6666666666666666,0.4444444444444445
baseline_a_early,5,rgb,0.0,0,0.7058823529411765,0.3333333333333333
baseline_a_early,5,rgb,0.0,1,0.7058823529411765,0.3333333333333333
baseline_a_early,5,rgb,0.0,2,0.7058823529411765,0.3333333333333333
baseline_a_early,5,rgb,0.0,3,0.7058823529411765,0.3333333333333333
baseline_a_early,5,rgb,0.0,4,0.7058823529411765,0.3333333333333333
baseline_a_early,5,rgb,0.1,0,0.7058823529411765,0.3333333333333333
baseline_a_early,5,rgb,0.1,1,0.7058823529411765,0.2222222222222222
baseline_a_early,5,rgb,0.1,2,0.7058823529411765,0.3333333333333333
baseline_a_early,5,rgb,0.1,3,0.7058823529411765,0.3333333333333333
baseline_a_early,5,rgb,0.1,4,0.7058823529411765,0.3611111111111111
baseline_a_early,5,rgb,0.2,0,0.7058823529411765,0.3611111111111111
baseline_a_early,5,rgb,0.2,1,0.7058823529411765,0.3333333333333333
baseline_a_early,5,rgb,0.2,2,0.7058823529411765,0.3333333333333333
baseline_a_early,5,rgb,0.2,3,0.7058823529411765,0.38888888888888884
baseline_a_early,5,rgb,0.2,4,0.7058823529411765,0.3055555555555555
baseline_a_early,5,rgb,0.3,0,0.7058823529411765,0.38888888888888884
baseline_a_early,5,rgb,0.3,1,0.7058823529411765,0.33333333333333337
baseline_a_early,5,rgb,0.3,2,0.7058823529411765,0.3333333333333333
baseline_a_early,5,rgb,0.3,3,0.7058823529411765,0.19444444444444442
baseline_a_early,5,rgb,0.3,4,0.7058823529411765,0.3333333333333333
baseline_a_early,5,rgb,0.4,0,0.7058823529411765,0.41666666666666663
baseline_a_early,5,rgb,0.4,1,0.7058823529411765,0.2777777777777778
baseline_a_early,5,rgb,0.4,2,0.7058823529411765,0.2777777777777778
baseline_a_early,5,rgb,0.4,3,0.7058823529411765,0.2222222222222222
baseline_a_early,5,rgb,0.4,4,0.7058823529411765,0.2777777777777778
baseline_a_early,5,rgb,0.5,0,0.7058823529411765,0.3333333333333333
baseline_a_early,5,rgb,0.5,1,0.7058823529411765,0.2222222222222222
baseline_a_early,5,rgb,0.5,2,0.7058823529411765,0.3611111111111111
baseline_a_early,5,rgb,0.5,3,0.7058823529411765,0.38888888888888884
baseline_a_early,5,rgb,0.5,4,0.7058823529411765,0.38888888888888884
baseline_a_early,5,ir,0.0,0,0.7058823529411765,0.3333333333333333
baseline_a_early,5,ir,0.0,1,0.7058823529411765,0.3333333333333333
baseline_a_early,5,ir,0.0,2,0.7058823529411765,0.3333333333333333
baseline_a_early,5,ir,0.0,3,0.7058823529411765,0.3333333333333333
baseline_a_early,5,ir,0.0,4,0.7058823529411765,0.3333333333333333
baseline_a_early,5,ir,0.1,0,0.7058823529411765,0.27777777777777773
baseline_a_early,5,ir,0.1,1,0.7058823529411765,0.3333333333333333
baseline_a_early,5,ir,0.1,2,0.7058823529411765,0.3333333333333333
baseline_a_early,5,ir,0.1,3,0.7058823529411765,0.3333333333333333
baseline_a_early,5,ir,0.1,4,0.7058823529411765,0.3333333333333333
baseline_a_early,5,ir,0.2,0,0.6666666666666666,0.25
baseline_a_early,5,ir,0.2,1,0.625,0.2777777777777778
baseline_a_early,5,ir,0.2,2,0.7058823529411765,0.3333333333333333
baseline_a_early,5,ir,0.2,3,0.625,0.25
baseline_a_early,5,ir,0.2,4,0.7058823529411765,0.3611111111111111
baseline_a_early,5,ir,0.3,0,0.7058823529411765,0.27777777777777773
baseline_a_early,5,ir,0.3,1,0.7058823529411765,0.3333333333333333
baseline_a_early,5,ir,0.3,2,0.7058823529411765,0.27777777777777773
baseline_a_early,5,ir,0.3,3,0.5882352941176471,0.19444444444444445
baseline_a_early,5,ir,0.3,4,0.5882352941176471,0.16666666666666666
baseline_a_early,5,ir,0.4,0,0.5882352941176471,0.19444444444444445
baseline_a_early,5,ir,0.4,1,0.625,0.25
baseline_a_early,5,ir,0.4,2,0.7058823529411765,0.27777777777777773
baseline_a_early,5,ir,0.4,3,0.5882352941176471,0.19444444444444445
baseline_a_early,5,ir,0.4,4,0.7058823529411765,0.3611111111111111
baseline_a_early,5,ir,0.5,0,0.6666666666666666,0.3055555555555556
baseline_a_early,5,ir,0.5,1,0.7058823529411765,0.27777777777777773
baseline_a_early,5,ir,0.5,2,0.6666666666666666,0.19444444444444442
baseline_a_early,5,ir,0.5,3,0.6666666666666666,0.2222222222222222
baseline_a_early,5,ir,0.5,4,0.5882352941176471,0.25
baseline_a_early,5,gas,0.0,0,0.7058823529411765,0.3333333333333333
baseline_a_early,5,gas,0.0,1,0.7058823529411765,0.3333333333333333
baseline_a_early,5,gas,0.0,2,0.7058823529411765,0.3333333333333333
baseline_a_early,5,gas,0.0,3,0.7058823529411765,0.3333333333333333
baseline_a_early,5,gas,0.0,4,0.7058823529411765,0.3333333333333333
baseline_a_early,5,gas,0.1,0,0.7058823529411765,0.3333333333333333
baseline_a_early,5,gas,0.1,1,0.7058823529411765,0.4722222222222222
baseline_a_early,5,gas,0.1,2,0.7058823529411765,0.3333333333333333
baseline_a_early,5,gas,0.1,3,0.7058823529411765,0.3333333333333333
baseline_a_early,5,gas,0.1,4,0.625,0.3333333333333333
baseline_a_early,5,gas,0.2,0,0.625,0.38888888888888895
baseline_a_early,5,gas,0.2,1,0.7058823529411765,0.3333333333333333
baseline_a_early,5,gas,0.2,2,0.7058823529411765,0.5277777777777778
baseline_a_early,5,gas,0.2,3,0.6666666666666666,0.4444444444444444
baseline_a_early,5,gas,0.2,4,0.7058823529411765,0.4722222222222222
baseline_a_early,5,gas,0.3,0,0.7058823529411765,0.4722222222222222
baseline_a_early,5,gas,0.3,1,0.6666666666666666,0.5277777777777778
baseline_a_early,5,gas,0.3,2,0.625,0.41666666666666674
baseline_a_early,5,gas,0.3,3,0.5333333333333333,0.2777777777777778
baseline_a_early,5,gas,0.3,4,0.6666666666666666,0.25
baseline_a_early,5,gas,0.4,0,0.5,0.2222222222222222
baseline_a_early,5,gas,0.4,1,0.6666666666666666,0.3888888888888889
baseline_a_early,5,gas,0.4,2,0.5714285714285714,0.3611111111111111
baseline_a_early,5,gas,0.4,3,0.625,0.2777777777777778
baseline_a_early,5,gas,0.4,4,0.625,0.2777777777777778
baseline_a_early,5,gas,0.5,0,0.5882352941176471,0.3055555555555556
baseline_a_early,5,gas,0.5,1,0.7058823529411765,0.4722222222222222
baseline_a_early,5,gas,0.5,2,0.7058823529411765,0.4722222222222222
baseline_a_early,5,gas,0.5,3,0.5333333333333333,0.3055555555555555
baseline_a_early,5,gas,0.5,4,0.6666666666666666,0.5
baseline_a_early,5,joint,0.0,0,0.7058823529411765,0.3333333333333333
baseline_a_early,5,joint,0.0,1,0.7058823529411765,0.3333333333333333
baseline_a_early,5,joint,0.0,2,0.7058823529411765,0.3333333333333333
baseline_a_early,5,joint,0.0,3,0.7058823529411765,0.3333333333333333
baseline_a_early,5,joint,0.0,4,0.7058823529411765,0.3333333333333333
baseline_a_early,5,joint,0.1,0,0.625,0.25
baseline_a_early,5,joint,0.1,1,0.75,0.4722222222222222
baseline_a_early,5,joint,0.1,2,0.7058823529411765,0.3333333333333333
baseline_a_early,5,joint,0.1,3,0.625,0.3055555555555556
baseline_a_early,5,joint,0.1,4,0.6666666666666666,0.25
baseline_a_early,5,joint,0.2,0,0.75,0.5555555555555556
baseline_a_early,5,joint,0.2,1,0.625,0.38888888888888895
baseline_a_early,5,joint,0.2,2,0.7058823529411765,0.3611111111111111
baseline_a_early,5,joint,0.2,3,0.75,0.5555555555555556
baseline_a_early,5,joint,0.2,4,0.625,0.3055555555555556
baseline_a_early,5,joint,0.3,0,0.5333333333333333,0.16666666666666666
baseline_a_early,5,joint,0.3,1,0.625,0.41666666666666663
baseline_a_early,5,joint,0.3,2,0.6666666666666666,0.4166666666666667
baseline_a_early,5,joint,0.3,3,0.5882352941176471,0.2777777777777778
baseline_a_early,5,joint,0.3,4,0.5882352941176471,0.2777777777777778
baseline_a_early,5,joint,0.4,0,0.6666666666666666,0.38888888888888895
baseline_a_early,5,joint,0.4,1,0.625,0.44444444444444453
baseline_a_early,5,joint,0.4,2,0.5333333333333333,0.33333333333333326
baseline_a_early,5,joint,0.4,3,0.7058823529411765,0.4444444444444445
baseline_a_early,5,joint,0.4,4,0.5333333333333333,0.25
baseline_a_early,5,joint,0.5,0,0.18181818181818182,0.22222222222222224
baseline_a_early,5,joint,0.5,1,0.5,0.02777777777777777
baseline_a_early,5,joint,0.5,2,0.5,0.49999999999999994
baseline_a_early,5,joint,0.5,3,0.7142857142857143,0.5555555555555556
baseline_a_early,5,joint,0.5,4,0.5714285714285714,0.25
baseline_a_early,6,rgb,0.0,0,0.7058823529411765,0.6666666666666667
baseline_a_early,6,rgb,0.0,1,0.7058823529411765,0.6666666666666667
baseline_a_early,6,rgb,0.0,2,0.7058823529411765,0.6666666666666667
baseline_a_early,6,rgb,0.0,3,0.7058823529411765,0.6666666666666667
baseline_a_early,6,rgb,0.0,4,0.7058823529411765,0.6666666666666667
baseline_a_early,6,rgb,0.1,0,0.75,0.6666666666666667
baseline_a_early,6,rgb,0.1,1,0.7058823529411765,0.6388888888888888
baseline_a_early,6,rgb,0.1,2,0.7058823529411765,0.6666666666666667
baseline_a_early,6,rgb,0.1,3,0.7058823529411765,0.6666666666666667
baseline_a_early,6,rgb,0.1,4,0.7058823529411765,0.6666666666666667
baseline_a_early,6,rgb,0.2,0,0.75,0.6666666666666667
baseline_a_early,6,rgb,0.2,1,0.7058823529411765,0.5833333333333334
baseline_a_early,6,rgb,0.2,2,0.7058823529411765,0.638888888888889
baseline_a_early,6,rgb,0.2,3,0.7058823529411765,0.6666666666666667
baseline_a_early,6,rgb,0.2,4,0.625,0.5277777777777778
baseline_a_early,6,rgb,0.3,0,0.6666666666666666,0.5277777777777778
baseline_a_early,6,rgb,0.3,1,0.625,0.5555555555555556
baseline_a_early,6,rgb,0.3,2,0.8,0.6944444444444445
baseline_a_early,6,rgb,0.3,3,0.8,0.7222222222222223
baseline_a_early,6,rgb,0.3,4,0.7142857142857143,0.6388888888888888
baseline_a_early,6,rgb,0.4,0,0.75,0.6944444444444445
baseline_a_early,6,rgb,0.4,1,0.7058823529411765,0.6944444444444444
baseline_a_early,6,rgb,0.4,2,0.6666666666666666,0.5277777777777778
baseline_a_early,6,rgb,0.4,3,0.7058823529411765,0.5833333333333334
baseline_a_early,6,rgb,0.4,4,0.75,0.6944444444444445
baseline_a_early,6,rgb,0.5,0,0.7058823529411765,0.5555555555555556
baseline_a_early,6,rgb,0.5,1,0.6666666666666666,0.5833333333333334
baseline_a_early,6,rgb,0.5,2,0.625,0.44444444444444453
baseline_a_early,6,rgb,0.5,3,0.7142857142857143,0.6388888888888888
baseline_a_early,6,rgb,0.5,4,0.7058823529411765,0.6111111111111112
baseline_a_early,6,ir,0.0,0,0.7058823529411765,0.6666666666666667
baseline_a_early,6,ir,0.0,1,0.7058823529411765,0.6666666666666667
baseline_a_early,6,ir,0.0,2,0.7058823529411765,0.6666666666666667
baseline_a_early,6,ir,0.0,3,0.7058823529411765,0.6666666666666667
baseline_a_early,6,ir,0.0,4,0.7058823529411765,0.6666666666666667
baseline_a_early,6,ir,0.1,0,0.7058823529411765,0.638888888888889
baseline_a_early,6,ir,0.1,1,0.7058823529411765,0.638888888888889
baseline_a_early,6,ir,0.1,2,0.7058823529411765,0.6388888888888888
baseline_a_early,6,ir,0.1,3,0.7058823529411765,0.6388888888888888
baseline_a_early,6,ir,0.1,4,0.7058823529411765,0.6388888888888888
baseline_a_early,6,ir,0.2,0,0.7058823529411765,0.6388888888888888
baseline_a_early,6,ir,0.2,1,0.7058823529411765,0.638888888888889
baseline_a_early,6,ir,0.2,2,0.7058823529411765,0.6666666666666667
baseline_a_early,6,ir,0.2,3,0.7058823529411765,0.6944444444444445
baseline_a_early,6,ir,0.2,4,0.7058823529411765,0.6666666666666667
baseline_a_early,6,ir,0.3,0,0.625,0.5555555555555556
baseline_a_early,6,ir,0.3,1,0.625,0.5833333333333334
baseline_a_early,6,ir,0.3,2,0.7058823529411765,0.6388888888888888
baseline_a_early,6,ir,0.3,3,0.7058823529411765,0.638888888888889
baseline_a_early,6,ir,0.3,4,0.7058823529411765,0.6944444444444444
baseline_a_early,6,ir,0.4,0,0.7058823529411765,0.6388888888888888
baseline_a_early,6,ir,0.4,1,0.625,0.5833333333333333
baseline_a_early,6,ir,0.4,2,0.625,0.5277777777777778
baseline_a_early,6,ir,0.4,3,0.7058823529411765,0.6944444444444445
baseline_a_early,6,ir,0.4,4,0.7058823529411765,0.6944444444444445
baseline_a_early,6,ir,0.5,0,0.625,0.6388888888888888
baseline_a_early,6,ir,0.5,1,0.625,0.5833333333333334
baseline_a_early,6,ir,0.5,2,0.7058823529411765,0.6111111111111112
baseline_a_early,6,ir,0.5,3,0.7058823529411765,0.5833333333333334
baseline_a_early,6,ir,0.5,4,0.7058823529411765,0.6111111111111112
baseline_a_early,6,gas,0.0,0,0.7058823529411765,0.6666666666666667
baseline_a_early,6,gas,0.0,1,0.7058823529411765,0.6666666666666667
baseline_a_early,6,gas,0.0,2,0.7058823529411765,0.6666666666666667
baseline_a_early,6,gas,0.0,3,0.7058823529411765,0.6666666666666667
baseline_a_early,6,gas,0.0,4,0.7058823529411765,0.6666666666666667
baseline_a_early,6,gas,0.1,0,0.75,0.6666666666666667
baseline_a_early,6,gas,0.1,1,0.7058823529411765,0.6666666666666667
baseline_a_early,6,gas,0.1,2,0.75,0.6944444444444445
baseline_a_early,6,gas,0.1,3,0.7058823529411765,0.6666666666666667
baseline_a_early,6,gas,0.1,4,0.625,0.5555555555555556
baseline_a_early,6,gas,0.2,0,0.75,0.6944444444444444
baseline_a_early,6,gas,0.2,1,0.625,0.5555555555555556
baseline_a_early,6,gas,0.2,2,0.5333333333333333,0.5
baseline_a_early,6,gas,0.2,3,0.7058823529411765,0.6666666666666667
baseline_a_early,6,gas,0.2,4,0.8,0.7777777777777779
baseline_a_early,6,gas,0.3,0,0.7142857142857143,0.638888888888889
baseline_a_early,6,gas,0.3,1,0.6666666666666666,0.6111111111111112
baseline_a_early,6,gas,0.3,2,0.625,0.5277777777777778
baseline_a_early,6,gas,0.3,3,0.75,0.6666666666666667
baseline_a_early,6,gas,0.3,4,0.7058823529411765,0.6666666666666667
baseline_a_early,6,gas,0.4,0,0.7058823529411765,0.6666666666666667
baseline_a_early,6,gas,0.4,1,0.7142857142857143,0.6666666666666667
baseline_a_early,6,gas,0.4,2,0.5714285714285714,0.5277777777777778
baseline_a_early,6,gas,0.4,3,0.6666666666666666,0.6944444444444444
baseline_a_early,6,gas,0.4,4,0.7058823529411765,0.6666666666666667
baseline_a_early,6,gas,0.5,0,0.8,0.6944444444444445
baseline_a_early,6,gas,0.5,1,0.7142857142857143,0.638888888888889
baseline_a_early,6,gas,0.5,2,0.5714285714285714,0.6388888888888888
baseline_a_early,6,gas,0.5,3,0.6666666666666666,0.6944444444444444
baseline_a_early,6,gas,0.5,4,0.6153846153846154,0.6111111111111112
baseline_a_early,6,joint,0.0,0,0.7058823529411765,0.6666666666666667
baseline_a_early,6,joint,0.0,1,0.7058823529411765,0.6666666666666667
baseline_a_early,6,joint,0.0,2,0.7058823529411765,0.6666666666666667
baseline_a_early,6,joint,0.0,3,0.7058823529411765,0.6666666666666667
baseline_a_early,6,joint,0.0,4,0.7058823529411765,0.6666666666666667
baseline_a_early,6,joint,0.1,0,0.6666666666666666,0.638888888888889
baseline_a_early,6,joint,0.1,1,0.75,0.638888888888889
baseline_a_early,6,joint,0.1,2,0.7058823529411765,0.7500000000000001
baseline_a_early,6,joint,0.1,3,0.6666666666666666,0.5833333333333334
baseline_a_early,6,joint,0.1,4,0.625,0.5555555555555556
baseline_a_early,6,joint,0.2,0,0.6666666666666666,0.5833333333333335
baseline_a_early,6,joint,0.2,1,0.5714285714285714,0.3888888888888889
baseline_a_early,6,joint,0.2,2,0.7142857142857143,0.6944444444444444
baseline_a_early,6,joint,0.2,3,0.6153846153846154,0.5555555555555556
baseline_a_early,6,joint,0.2,4,0.6666666666666666,0.5833333333333333
baseline_a_early,6,joint,0.3,0,0.5714285714285714,0.4722222222222222
baseline_a_early,6,joint,0.3,1,0.5,0.6111111111111112
baseline_a_early,6,joint,0.3,2,0.36363636363636365,0.5
baseline_a_early,6,joint,0.3,3,0.6666666666666666,0.5555555555555556
baseline_a_early,6,joint,0.3,4,0.7058823529411765,0.6388888888888888
baseline_a_early,6,joint,0.4,0,0.36363636363636365,0.36111111111111105
baseline_a_early,6,joint,0.4,1,0.6153846153846154,0.5555555555555556
baseline_a_early,6,joint,0.4,2,0.8,0.5833333333333334
baseline_a_early,6,joint,0.4,3,0.5,0.4722222222222223
baseline_a_early,6,joint,0.4,4,0.6153846153846154,0.5833333333333334
baseline_a_early,6,joint,0.5,0,0.36363636363636365,0.33333333333333337
baseline_a_early,6,joint,0.5,1,0.5333333333333333,0.47222222222222227
baseline_a_early,6,joint,0.5,2,0.0,0.33333333333333337
baseline_a_early,6,joint,0.5,3,0.5,0.4027777777777778
baseline_a_early,6,joint,0.5,4,0.5714285714285714,0.5
baseline_a_early,7,rgb,0.0,0,0.6666666666666666,0.4444444444444445
baseline_a_early,7,rgb,0.0,1,0.6666666666666666,0.4444444444444445
baseline_a_early,7,rgb,0.0,2,0.6666666666666666,0.4444444444444445
baseline_a_early,7,rgb,0.0,3,0.6666666666666666,0.4444444444444445
baseline_a_early,7,rgb,0.0,4,0.6666666666666666,0.4444444444444445
baseline_a_early,7,rgb,0.1,0,0.6666666666666666,0.5
baseline_a_early,7,rgb,0.1,1,0.6666666666666666,0.5833333333333334
baseline_a_early,7,rgb,0.1,2,0.6666666666666666,0.47222222222222227
baseline_a_early,7,rgb,0.1,3,0.6666666666666666,0.33333333333333337
baseline_a_early,7,rgb,0.1,4,0.6666666666666666,0.4444444444444445
baseline_a_early,7,rgb,0.2,0,0.6666666666666666,0.4444444444444444
baseline_a_early,7,rgb,0.2,1,0.6666666666666666,0.3888888888888889
baseline_a_early,7,rgb,0.2,2,0.6666666666666666,0.5
baseline_a_early,7,rgb,0.2,3,0.6666666666666666,0.47222222222222227
baseline_a_early,7,rgb,0.2,4,0.6666666666666666,0.5277777777777778
baseline_a_early,7,rgb,0.3,0,0.6666666666666666,0.36111111111111116
baseline_a_early,7,rgb,0.3,1,0.6666666666666666,0.4722222222222222
baseline_a_early,7,rgb,0.3,2,0.6666666666666666,0.5277777777777777
baseline_a_early,7,rgb,0.3,3,0.6666666666666666,0.5
baseline_a_early,7,rgb,0.3,4,0.6666666666666666,0.49999999999999994
baseline_a_early,7,rgb,0.4,0,0.6666666666666666,0.33333333333333326
baseline_a_early,7,rgb,0.4,1,0.6666666666666666,0.5277777777777778
baseline_a_early,7,rgb,0.4,2,0.6666666666666666,0.41666666666666663
baseline_a_early,7,rgb,0.4,3,0.6666666666666666,0.38888888888888895
baseline_a_early,7,rgb,0.4,4,0.6666666666666666,0.5
baseline_a_early,7,rgb,0.5,0,0.6666666666666666,0.38888888888888884
baseline_a_early,7,rgb,0.5,1,0.6666666666666666,0.41666666666666663
baseline_a_early,7,rgb,0.5,2,0.6666666666666666,0.38888888888888895
baseline_a_early,7,rgb,0.5,3,0.6666666666666666,0.5555555555555556
baseline_a_early,7,rgb,0.5,4,0.6666666666666666,0.6111111111111112
baseline_a_early,7,ir,0.0,0,0.6666666666666666,0.4444444444444445
baseline_a_early,7,ir,0.0,1,0.6666666666666666,0.4444444444444445
baseline_a_early,7,ir,0.0,2,0.6666666666666666,0.4444444444444445
baseline_a_early,7,ir,0.0,3,0.6666666666666666,0.4444444444444445
baseline_a_early,7,ir,0.0,4,0.6666666666666666,0.4444444444444445
baseline_a_early,7,ir,0.1,0,0.6666666666666666,0.2777777777777778
baseline_a_early,7,ir,0.1,1,0.6666666666666666,0.4444444444444445
baseline_a_early,7,ir,0.1,2,0.6666666666666666,0.4444444444444445
baseline_a_early,7,ir,0.1,3,0.6666666666666666,0.4444444444444445
baseline_a_early,7,ir,0.1,4,0.6666666666666666,0.4444444444444445
baseline_a_early,7,ir,0.2,0,0.6666666666666666,0.4444444444444445
baseline_a_early,7,ir,0.2,1,0.6666666666666666,0.36111111111111105
baseline_a_early,7,ir,0.2,2,0.6666666666666666,0.4444444444444445
baseline_a_early,7,ir,0.2,3,0.6666666666666666,0.6111111111111112
baseline_a_early,7,ir,0.2,4,0.6666666666666666,0.5555555555555557
baseline_a_early,7,ir,0.3,0,0.6666666666666666,0.4722222222222222
baseline_a_early,7,ir,0.3,1,0.6666666666666666,0.5
baseline_a_early,7,ir,0.3,2,0.6666666666666666,0.4444444444444445
baseline_a_early,7,ir,0.3,3,0.6666666666666666,0.5555555555555557
baseline_a_early,7,ir,0.3,4,0.6666666666666666,0.47222222222222227
baseline_a_early,7,ir,0.4,0,0.6666666666666666,0.5
baseline_a_early,7,ir,0.4,1,0.6666666666666666,0.2777777777777778
baseline_a_early,7,ir,0.4,2,0.6666666666666666,0.4444444444444444
baseline_a_early,7,ir,0.4,3,0.6666666666666666,0.36111111111111105
baseline_a_early,7,ir,0.4,4,0.6666666666666666,0.4444444444444445
baseline_a_early,7,ir,0.5,0,0.6666666666666666,0.5833333333333333
baseline_a_early,7,ir,0.5,1,0.6666666666666666,0.3611111111111111
baseline_a_early,7,ir,0.5,2,0.6666666666666666,0.4444444444444445
baseline_a_early,7,ir,0.5,3,0.6666666666666666,0.5277777777777778
baseline_a_early,7,ir,0.5,4,0.6666666666666666,0.36111111111111105
baseline_a_early,7,gas,0.0,0,0.6666666666666666,0.4444444444444445
baseline_a_early,7,gas,0.0,1,0.6666666666666666,0.4444444444444445
baseline_a_early,7,gas,0.0,2,0.6666666666666666,0.4444444444444445
baseline_a_early,7,gas,0.0,3,0.6666666666666666,0.4444444444444445
baseline_a_early,7,gas,0.0,4,0.6666666666666666,0.4444444444444445
baseline_a_early,7,gas,0.1,0,0.6666666666666666,0.4444444444444445
baseline_a_early,7,gas,0.1,1,0.6666666666666666,0.49999999999999994
baseline_a_early,7,gas,0.1,2,0.6666666666666666,0.5555555555555556
baseline_a_early,7,gas,0.1,3,0.6666666666666666,0.41666666666666674
baseline_a_early,7,gas,0.1,4,0.6666666666666666,0.4444444444444445
baseline_a_early,7,gas,0.2,0,0.6666666666666666,0.6666666666666667
baseline_a_early,7,gas,0.2,1,0.6666666666666666,0.49999999999999994
baseline_a_early,7,gas,0.2,2,0.6666666666666666,0.41666666666666674
baseline_a_early,7,gas,0.2,3,0.6666666666666666,0.11111111111111112
baseline_a_early,7,gas,0.2,4,0.6666666666666666,0.4444444444444444
baseline_a_early,7,gas,0.3,0,0.6666666666666666,0.4444444444444444
baseline_a_early,7,gas,0.3,1,0.6666666666666666,0.47222222222222227
baseline_a_early,7,gas,0.3,2,0.6666666666666666,0.5555555555555556
baseline_a_early,7,gas,0.3,3,0.6666666666666666,0.38888888888888895
baseline_a_early,7,gas,0.3,4,0.6666666666666666,0.41666666666666663
baseline_a_early,7,gas,0.4,0,0.6666666666666666,0.4444444444444444
baseline_a_early,7,gas,0.4,1,0.6666666666666666,0.38888888888888884
baseline_a_early,7,gas,0.4,2,0.6666666666666666,0.2777777777777778
baseline_a_early,7,gas,0.4,3,0.6666666666666666,0.5555555555555556
baseline_a_early,7,gas,0.4,4,0.6666666666666666,0.3055555555555555
baseline_a_early,7,gas,0.5,0,0.6666666666666666,0.38888888888888884
baseline_a_early,7,gas,0.5,1,0.6666666666666666,0.6388888888888888
baseline_a_early,7,gas,0.5,2,0.6666666666666666,0.8055555555555555
baseline_a_early,7,gas,0.5,3,0.6666666666666666,0.5555555555555556
baseline_a_early,7,gas,0.5,4,0.6666666666666666,0.5
baseline_a_early,7,joint,0.0,0,0.6666666666666666,0.4444444444444445
baseline_a_early,7,joint,0.0,1,0.6666666666666666,0.4444444444444445
baseline_a_early,7,joint,0.0,2,0.6666666666666666,0.4444444444444445
baseline_a_early,7,joint,0.0,3,0.6666666666666666,0.4444444444444445
baseline_a_early,7,joint,0.0,4,0.6666666666666666,0.4444444444444445
baseline_a_early,7,joint,0.1,0,0.6666666666666666,0.4444444444444445
baseline_a_early,7,joint,0.1,1,0.6666666666666666,0.5833333333333334
baseline_a_early,7,joint,0.1,2,0.6666666666666666,0.38888888888888895
baseline_a_early,7,joint,0.1,3,0.6666666666666666,0.36111111111111116
baseline_a_early,7,joint,0.1,4,0.6666666666666666,0.5
baseline_a_early,7,joint,0.2,0,0.6666666666666666,0.38888888888888884
baseline_a_early,7,joint,0.2,1,0.6666666666666666,0.47222222222222227
baseline_a_early,7,joint,0.2,2,0.6666666666666666,0.4722222222222222
baseline_a_early,7,joint,0.2,3,0.6666666666666666,0.27777777777777773
baseline_a_early,7,joint,0.2,4,0.6666666666666666,0.5555555555555555
baseline_a_early,7,joint,0.3,0,0.6666666666666666,0.4444444444444445
baseline_a_early,7,joint,0.3,1,0.6666666666666666,0.5277777777777779
baseline_a_early,7,joint,0.3,2,0.6666666666666666,0.5
baseline_a_early,7,joint,0.3,3,0.6666666666666666,0.6388888888888888
baseline_a_early,7,joint,0.3,4,0.6666666666666666,0.5694444444444445
baseline_a_early,7,joint,0.4,0,0.6666666666666666,0.5
baseline_a_early,7,joint,0.4,1,0.6666666666666666,0.4444444444444444
baseline_a_early,7,joint,0.4,2,0.6666666666666666,0.3055555555555556
baseline_a_early,7,joint,0.4,3,0.6666666666666666,0.6388888888888888
baseline_a_early,7,joint,0.4,4,0.6666666666666666,0.05555555555555554
baseline_a_early,7,joint,0.5,0,0.6666666666666666,0.5138888888888888
baseline_a_early,7,joint,0.5,1,0.6666666666666666,0.5
baseline_a_early,7,joint,0.5,2,0.6666666666666666,0.6944444444444444
baseline_a_early,7,joint,0.5,3,0.6666666666666666,0.5555555555555556
baseline_a_early,7,joint,0.5,4,0.6666666666666666,0.36111111111111116
baseline_a_early,8,rgb,0.0,0,0.6666666666666666,0.4444444444444445
baseline_a_early,8,rgb,0.0,1,0.6666666666666666,0.4444444444444445
baseline_a_early,8,rgb,0.0,2,0.6666666666666666,0.4444444444444445
baseline_a_early,8,rgb,0.0,3,0.6666666666666666,0.4444444444444445
baseline_a_early,8,rgb,0.0,4,0.6666666666666666,0.4444444444444445
baseline_a_early,8,rgb,0.1,0,0.6666666666666666,0.4444444444444445
baseline_a_early,8,rgb,0.1,1,0.6666666666666666,0.36111111111111116
baseline_a_early,8,rgb,0.1,2,0.6666666666666666,0.4444444444444445
baseline_a_early,8,rgb,0.1,3,0.6666666666666666,0.4166666666666667
baseline_a_early,8,rgb,0.1,4,0.6666666666666666,0.4444444444444445
baseline_a_early,8,rgb,0.2,0,0.6666666666666666,0.2777777777777778
baseline_a_early,8,rgb,0.2,1,0.6666666666666666,0.38888888888888884
baseline_a_early,8,rgb,0.2,2,0.6666666666666666,0.4444444444444444
baseline_a_early,8,rgb,0.2,3,0.6666666666666666,0.5277777777777778
baseline_a_early,8,rgb,0.2,4,0.6666666666666666,0.4722222222222222
baseline_a_early,8,rgb,0.3,0,0.6666666666666666,0.4444444444444444
baseline_a_early,8,rgb,0.3,1,0.6666666666666666,0.38888888888888884
baseline_a_early,8,rgb,0.3,2,0.6666666666666666,0.36111111111111105
baseline_a_early,8,rgb,0.3,3,0.6666666666666666,0.38888888888888884
baseline_a_early,8,rgb,0.3,4,0.6666666666666666,0.3055555555555555
baseline_a_early,8,rgb,0.4,0,0.6666666666666666,0.4722222222222222
baseline_a_early,8,rgb,0.4,1,0.6666666666666666,0.5277777777777778
baseline_a_early,8,rgb,0.4,2,0.6666666666666666,0.4166666666666667
baseline_a_early,8,rgb,0.4,3,0.6666666666666666,0.6111111111111112
baseline_a_early,8,rgb,0.4,4,0.6666666666666666,0.3888888888888889
baseline_a_early,8,rgb,0.5,0,0.6666666666666666,0.3888888888888889
baseline_a_early,8,rgb,0.5,1,0.6666666666666666,0.2222222222222222
baseline_a_early,8,rgb,0.5,2,0.6666666666666666,0.25
baseline_a_early,8,rgb,0.5,3,0.6666666666666666,0.5277777777777778
baseline_a_early,8,rgb,0.5,4,0.6666666666666666,0.25
baseline_a_early,8,ir,0.0,0,0.6666666666666666,0.4444444444444445
baseline_a_early,8,ir,0.0,1,0.6666666666666666,0.4444444444444445
baseline_a_early,8,ir,0.0,2,0.6666666666666666,0.4444444444444445
baseline_a_early,8,ir,0.0,3,0.6666666666666666,0.4444444444444445
baseline_a_early,8,ir,0.0,4,0.6666666666666666,0.4444444444444445
baseline_a_early,8,ir,0.1,0,0.6666666666666666,0.5555555555555556
baseline_a_early,8,ir,0.1,1,0.6666666666666666,0.4444444444444445
baseline_a_early,8,ir,0.1,2,0.6666666666666666,0.3333333333333333
baseline_a_early,8,ir,0.1,3,0.6666666666666666,0.38888888888888884
baseline_a_early,8,ir,0.1,4,0.6666666666666666,0.3611111111111111
baseline_a_early,8,ir,0.2,0,0.6666666666666666,0.3333333333333333
baseline_a_early,8,ir,0.2,1,0.6666666666666666,0.5277777777777778
baseline_a_early,8,ir,0.2,2,0.6666666666666666,0.3888888888888889
baseline_a_early,8,ir,0.2,3,0.6666666666666666,0.5555555555555556
baseline_a_early,8,ir,0.2,4,0.6666666666666666,0.47222222222222215
baseline_a_early,8,ir,0.3,0,0.6666666666666666,0.33333333333333337
baseline_a_early,8,ir,0.3,1,0.6666666666666666,0.3611111111111111
baseline_a_early,8,ir,0.3,2,0.6666666666666666,0.5555555555555556
baseline_a_early,8,ir,0.3,3,0.6666666666666666,0.2777777777777778
baseline_a_early,8,ir,0.3,4,0.6666666666666666,0.3055555555555556
baseline_a_early,8,ir,0.4,0,0.6666666666666666,0.3611111111111111
baseline_a_early,8,ir,0.4,1,0.6666666666666666,0.4444444444444445
baseline_a_early,8,ir,0.4,2,0.6666666666666666,0.5833333333333334
baseline_a_early,8,ir,0.4,3,0.6666666666666666,0.3055555555555556
baseline_a_early,8,ir,0.4,4,0.6666666666666666,0.5833333333333334
baseline_a_early,8,ir,0.5,0,0.6666666666666666,0.5833333333333333
baseline_a_early,8,ir,0.5,1,0.6666666666666666,0.4166666666666667
baseline_a_early,8,ir,0.5,2,0.6666666666666666,0.6111111111111112
baseline_a_early,8,ir,0.5,3,0.6666666666666666,0.5555555555555556
baseline_a_early,8,ir,0.5,4,0.6666666666666666,0.4722222222222222
baseline_a_early,8,gas,0.0,0,0.6666666666666666,0.4444444444444445
baseline_a_early,8,gas,0.0,1,0.6666666666666666,0.4444444444444445
baseline_a_early,8,gas,0.0,2,0.6666666666666666,0.4444444444444445
baseline_a_early,8,gas,0.0,3,0.6666666666666666,0.4444444444444445
baseline_a_early,8,gas,0.0,4,0.6666666666666666,0.4444444444444445
baseline_a_early,8,gas,0.1,0,0.6666666666666666,0.5277777777777778
baseline_a_early,8,gas,0.1,1,0.6666666666666666,0.4444444444444445
baseline_a_early,8,gas,0.1,2,0.6666666666666666,0.4444444444444445
baseline_a_early,8,gas,0.1,3,0.6666666666666666,0.38888888888888884
baseline_a_early,8,gas,0.1,4,0.6666666666666666,0.36111111111111116
baseline_a_early,8,gas,0.2,0,0.6666666666666666,0.38888888888888884
baseline_a_early,8,gas,0.2,1,0.6666666666666666,0.5833333333333334
baseline_a_early,8,gas,0.2,2,0.6666666666666666,0.4444444444444444
baseline_a_early,8,gas,0.2,3,0.6666666666666666,0.3888888888888889
baseline_a_early,8,gas,0.2,4,0.6666666666666666,0.3888888888888889
baseline_a_early,8,gas,0.3,0,0.6666666666666666,0.3055555555555555
baseline_a_early,8,gas,0.3,1,0.6666666666666666,0.4722222222222222
baseline_a_early,8,gas,0.3,2,0.6666666666666666,0.5277777777777778
baseline_a_early,8,gas,0.3,3,0.6666666666666666,0.47222222222222227
baseline_a_early,8,gas,0.3,4,0.6666666666666666,0.36111111111111116
baseline_a_early,8,gas,0.4,0,0.6666666666666666,0.36111111111111116
baseline_a_early,8,gas,0.4,1,0.6666666666666666,0.4444444444444445
baseline_a_early,8,gas,0.4,2,0.6666666666666666,0.5
baseline_a_early,8,gas,0.4,3,0.6666666666666666,0.36111111111111105
baseline_a_early,8,gas,0.4,4,0.6666666666666666,0.5277777777777778
baseline_a_early,8,gas,0.5,0,0.6666666666666666,0.4722222222222222
baseline_a_early,8,gas,0.5,1,0.6666666666666666,0.5
baseline_a_early,8,gas,0.5,2,0.6666666666666666,0.41666666666666663
baseline_a_early,8,gas,0.5,3,0.6666666666666666,0.6111111111111112
baseline_a_early,8,gas,0.5,4,0.6666666666666666,0.25
baseline_a_early,8,joint,0.0,0,0.6666666666666666,0.4444444444444445
baseline_a_early,8,joint,0.0,1,0.6666666666666666,0.4444444444444445
baseline_a_early,8,joint,0.0,2,0.6666666666666666,0.4444444444444445
baseline_a_early,8,joint,0.0,3,0.6666666666666666,0.4444444444444445
baseline_a_early,8,joint,0.0,4,0.6666666666666666,0.4444444444444445
baseline_a_early,8,joint,0.1,0,0.6666666666666666,0.4722222222222222
baseline_a_early,8,joint,0.1,1,0.6666666666666666,0.6111111111111112
baseline_a_early,8,joint,0.1,2,0.6666666666666666,0.5555555555555556
baseline_a_early,8,joint,0.1,3,0.6666666666666666,0.4166666666666667
baseline_a_early,8,joint,0.1,4,0.6666666666666666,0.22222222222222224
baseline_a_early,8,joint,0.2,0,0.6666666666666666,0.30555555555555564
baseline_a_early,8,joint,0.2,1,0.6666666666666666,0.38888888888888884
baseline_a_early,8,joint,0.2,2,0.6666666666666666,0.3055555555555555
baseline_a_early,8,joint,0.2,3,0.6666666666666666,0.5
baseline_a_early,8,joint,0.2,4,0.6666666666666666,0.3611111111111111
baseline_a_early,8,joint,0.3,0,0.6666666666666666,0.3888888888888889
baseline_a_early,8,joint,0.3,1,0.6666666666666666,0.3055555555555556
baseline_a_early,8,joint,0.3,2,0.6666666666666666,0.6666666666666666
baseline_a_early,8,joint,0.3,3,0.6666666666666666,0.4166666666666667
baseline_a_early,8,joint,0.3,4,0.6666666666666666,0.3611111111111111
baseline_a_early,8,joint,0.4,0,0.6666666666666666,0.5833333333333334
baseline_a_early,8,joint,0.4,1,0.6666666666666666,0.5277777777777778
baseline_a_early,8,joint,0.4,2,0.6666666666666666,0.41666666666666663
baseline_a_early,8,joint,0.4,3,0.6666666666666666,0.4722222222222222
baseline_a_early,8,joint,0.4,4,0.6666666666666666,0.47222222222222227
baseline_a_early,8,joint,0.5,0,0.6666666666666666,0.2777777777777778
baseline_a_early,8,joint,0.5,1,0.6666666666666666,0.5555555555555556
baseline_a_early,8,joint,0.5,2,0.6666666666666666,0.11111111111111112
baseline_a_early,8,joint,0.5,3,0.6666666666666666,0.625
baseline_a_early,8,joint,0.5,4,0.6666666666666666,0.6805555555555556
baseline_a_early,9,rgb,0.0,0,0.6666666666666666,0.4444444444444444
baseline_a_early,9,rgb,0.0,1,0.6666666666666666,0.4444444444444444
baseline_a_early,9,rgb,0.0,2,0.6666666666666666,0.4444444444444444
baseline_a_early,9,rgb,0.0,3,0.6666666666666666,0.4444444444444444
baseline_a_early,9,rgb,0.0,4,0.6666666666666666,0.4444444444444444
baseline_a_early,9,rgb,0.1,0,0.6666666666666666,0.4166666666666667
baseline_a_early,9,rgb,0.1,1,0.6666666666666666,0.4444444444444444
baseline_a_early,9,rgb,0.1,2,0.6666666666666666,0.4444444444444444
baseline_a_early,9,rgb,0.1,3,0.6666666666666666,0.4444444444444444
baseline_a_early,9,rgb,0.1,4,0.6666666666666666,0.33333333333333337
baseline_a_early,9,rgb,0.2,0,0.6666666666666666,0.5
baseline_a_early,9,rgb,0.2,1,0.6666666666666666,0.4722222222222222
baseline_a_early,9,rgb,0.2,2,0.6666666666666666,0.4722222222222222
baseline_a_early,9,rgb,0.2,3,0.6666666666666666,0.4166666666666667
baseline_a_early,9,rgb,0.2,4,0.6666666666666666,0.4444444444444444
baseline_a_early,9,rgb,0.3,0,0.6666666666666666,0.25
baseline_a_early,9,rgb,0.3,1,0.6666666666666666,0.5277777777777778
baseline_a_early,9,rgb,0.3,2,0.6666666666666666,0.4722222222222222
baseline_a_early,9,rgb,0.3,3,0.6666666666666666,0.4444444444444444
baseline_a_early,9,rgb,0.3,4,0.6666666666666666,0.5277777777777778
baseline_a_early,9,rgb,0.4,0,0.6666666666666666,0.38888888888888895
baseline_a_early,9,rgb,0.4,1,0.6666666666666666,0.2777777777777778
baseline_a_early,9,rgb,0.4,2,0.6666666666666666,0.38888888888888884
baseline_a_early,9,rgb,0.4,3,0.6666666666666666,0.36111111111111116
baseline_a_early,9,rgb,0.4,4,0.6666666666666666,0.41666666666666674
baseline_a_early,9,rgb,0.5,0,0.6666666666666666,0.2777777777777778
baseline_a_early,9,rgb,0.5,1,0.6666666666666666,0.47222222222222227
baseline_a_early,9,rgb,0.5,2,0.6666666666666666,0.4166666666666667
baseline_a_early,9,rgb,0.5,3,0.6666666666666666,0.3888888888888889
baseline_a_early,9,rgb,0.5,4,0.6666666666666666,0.36111111111111116
baseline_a_early,9,ir,0.0,0,0.6666666666666666,0.4444444444444444
baseline_a_early,9,ir,0.0,1,0.6666666666666666,0.4444444444444444
baseline_a_early,9,ir,0.0,2,0.6666666666666666,0.4444444444444444
baseline_a_early,9,ir,0.0,3,0.6666666666666666,0.4444444444444444
baseline_a_early,9,ir,0.0,4,0.6666666666666666,0.4444444444444444
baseline_a_early,9,ir,0.1,0,0.6666666666666666,0.5555555555555556
baseline_a_early,9,ir,0.1,1,0.6666666666666666,0.4444444444444444
baseline_a_early,9,ir,0.1,2,0.6666666666666666,0.41666666666666663
baseline_a_early,9,ir,0.1,3,0.6666666666666666,0.47222222222222227
baseline_a_early,9,ir,0.1,4,0.6666666666666666,0.4444444444444444
baseline_a_early,9,ir,0.2,0,0.6666666666666666,0.4444444444444444
baseline_a_early,9,ir,0.2,1,0.6666666666666666,0.5
baseline_a_early,9,ir,0.2,2,0.6666666666666666,0.5
baseline_a_early,9,ir,0.2,3,0.6666666666666666,0.5
baseline_a_early,9,ir,0.2,4,0.6666666666666666,0.4444444444444444
baseline_a_early,9,ir,0.3,0,0.6666666666666666,0.5
baseline_a_early,9,ir,0.3,1,0.6666666666666666,0.5
baseline_a_early,9,ir,0.3,2,0.6666666666666666,0.4722222222222222
baseline_a_early,9,ir,0.3,3,0.6666666666666666,0.5
baseline_a_early,9,ir,0.3,4,0.6666666666666666,0.4444444444444444
baseline_a_early,9,ir,0.4,0,0.6666666666666666,0.4444444444444444
baseline_a_early,9,ir,0.4,1,0.6666666666666666,0.5277777777777778
baseline_a_early,9,ir,0.4,2,0.6666666666666666,0.4444444444444444
baseline_a_early,9,ir,0.4,3,0.6666666666666666,0.4722222222222222
baseline_a_early,9,ir,0.4,4,0.6666666666666666,0.5555555555555556
baseline_a_early,9,ir,0.5,0,0.6666666666666666,0.5555555555555556
baseline_a_early,9,ir,0.5,1,0.6666666666666666,0.5
baseline_a_early,9,ir,0.5,2,0.6666666666666666,0.5277777777777778
baseline_a_early,9,ir,0.5,3,0.6666666666666666,0.5
baseline_a_early,9,ir,0.5,4,0.6666666666666666,0.5277777777777778
baseline_a_early,9,gas,0.0,0,0.6666666666666666,0.4444444444444444
baseline_a_early,9,gas,0.0,1,0.6666666666666666,0.4444444444444444
baseline_a_early,9,gas,0.0,2,0.6666666666666666,0.4444444444444444
baseline_a_early,9,gas,0.0,3,0.6666666666666666,0.4444444444444444
baseline_a_early,9,gas,0.0,4,0.6666666666666666,0.4444444444444444
baseline_a_early,9,gas,0.1,0,0.6666666666666666,0.36111111111111116
baseline_a_early,9,gas,0.1,1,0.6666666666666666,0.4166666666666667
baseline_a_early,9,gas,0.1,2,0.6666666666666666,0.4166666666666667
baseline_a_early,9,gas,0.1,3,0.6666666666666666,0.36111111111111116
baseline_a_early,9,gas,0.1,4,0.6666666666666666,0.4444444444444444
baseline_a_early,9,gas,0.2,0,0.6666666666666666,0.4444444444444444
baseline_a_early,9,gas,0.2,1,0.6666666666666666,0.4444444444444445
baseline_a_early,9,gas,0.2,2,0.6666666666666666,0.4444444444444444
baseline_a_early,9,gas,0.2,3,0.6666666666666666,0.4444444444444444
baseline_a_early,9,gas,0.2,4,0.6666666666666666,0.4722222222222222
baseline_a_early,9,gas,0.3,0,0.6666666666666666,0.3055555555555555
baseline_a_early,9,gas,0.3,1,0.6666666666666666,0.3055555555555556
baseline_a_early,9,gas,0.3,2,0.6666666666666666,0.638888888888889
baseline_a_early,9,gas,0.3,3,0.6666666666666666,0.41666666666666663
baseline_a_early,9,gas,0.3,4,0.6666666666666666,0.4444444444444444
baseline_a_early,9,gas,0.4,0,0.6666666666666666,0.3333333333333333
baseline_a_early,9,gas,0.4,1,0.6666666666666666,0.36111111111111116
baseline_a_early,9,gas,0.4,2,0.6666666666666666,0.41666666666666663
baseline_a_early,9,gas,0.4,3,0.6666666666666666,0.4444444444444444
baseline_a_early,9,gas,0.4,4,0.6666666666666666,0.5
baseline_a_early,9,gas,0.5,0,0.6666666666666666,0.3888888888888889
baseline_a_early,9,gas,0.5,1,0.6666666666666666,0.3333333333333333
baseline_a_early,9,gas,0.5,2,0.6666666666666666,0.4444444444444445
baseline_a_early,9,gas,0.5,3,0.6666666666666666,0.3888888888888889
baseline_a_early,9,gas,0.5,4,0.6666666666666666,0.5
baseline_a_early,9,joint,0.0,0,0.6666666666666666,0.4444444444444444
baseline_a_early,9,joint,0.0,1,0.6666666666666666,0.4444444444444444
baseline_a_early,9,joint,0.0,2,0.6666666666666666,0.4444444444444444
baseline_a_early,9,joint,0.0,3,0.6666666666666666,0.4444444444444444
baseline_a_early,9,joint,0.0,4,0.6666666666666666,0.4444444444444444
baseline_a_early,9,joint,0.1,0,0.6666666666666666,0.4722222222222222
baseline_a_early,9,joint,0.1,1,0.6666666666666666,0.3055555555555556
baseline_a_early,9,joint,0.1,2,0.6666666666666666,0.4722222222222222
baseline_a_early,9,joint,0.1,3,0.6666666666666666,0.4722222222222222
baseline_a_early,9,joint,0.1,4,0.6666666666666666,0.41666666666666663
baseline_a_early,9,joint,0.2,0,0.6666666666666666,0.5
baseline_a_early,9,joint,0.2,1,0.6666666666666666,0.5
baseline_a_early,9,joint,0.2,2,0.6666666666666666,0.5555555555555556
baseline_a_early,9,joint,0.2,3,0.6666666666666666,0.47222222222222227
baseline_a_early,9,joint,0.2,4,0.6666666666666666,0.4166666666666667
baseline_a_early,9,joint,0.3,0,0.6666666666666666,0.2777777777777778
baseline_a_early,9,joint,0.3,1,0.6666666666666666,0.6666666666666667
baseline_a_early,9,joint,0.3,2,0.6666666666666666,0.4444444444444445
baseline_a_early,9,joint,0.3,3,0.6666666666666666,0.5833333333333334
baseline_a_early,9,joint,0.3,4,0.6666666666666666,0.47222222222222227
baseline_a_early,9,joint,0.4,0,0.6666666666666666,0.36111111111111116
baseline_a_early,9,joint,0.4,1,0.6666666666666666,0.4444444444444445
baseline_a_early,9,joint,0.4,2,0.6666666666666666,0.5833333333333334
baseline_a_early,9,joint,0.4,3,0.6666666666666666,0.5277777777777778
baseline_a_early,9,joint,0.4,4,0.6666666666666666,0.33333333333333337
baseline_a_early,9,joint,0.5,0,0.6666666666666666,0.5555555555555556
baseline_a_early,9,joint,0.5,1,0.6666666666666666,0.27777777777777773
baseline_a_early,9,joint,0.5,2,0.6666666666666666,0.25
baseline_a_early,9,joint,0.5,3,0.6666666666666666,0.5277777777777778
baseline_a_early,9,joint,0.5,4,0.6666666666666666,0.5
baseline_b_late,0,rgb,0.0,0,0.6666666666666666,0.7222222222222223
baseline_b_late,0,rgb,0.0,1,0.6666666666666666,0.7222222222222223
baseline_b_late,0,rgb,0.0,2,0.6666666666666666,0.7222222222222223
baseline_b_late,0,rgb,0.0,3,0.6666666666666666,0.7222222222222223
baseline_b_late,0,rgb,0.0,4,0.6666666666666666,0.7222222222222223
baseline_b_late,0,rgb,0.1,0,0.6666666666666666,0.6944444444444444
baseline_b_late,0,rgb,0.1,1,0.6666666666666666,0.6111111111111112
baseline_b_late,0,rgb,0.1,2,0.6666666666666666,0.7222222222222223
baseline_b_late,0,rgb,0.1,3,0.6666666666666666,0.7222222222222223
baseline_b_late,0,rgb,0.1,4,0.6666666666666666,0.6666666666666666
baseline_b_late,0,rgb,0.2,0,0.6666666666666666,0.5277777777777778
baseline_b_late,0,rgb,0.2,1,0.6666666666666666,0.5555555555555556
baseline_b_late,0,rgb,0.2,2,0.6666666666666666,0.6388888888888888
baseline_b_late,0,rgb,0.2,3,0.6666666666666666,0.7777777777777778
baseline_b_late,0,rgb,0.2,4,0.6666666666666666,0.8333333333333334
baseline_b_late,0,rgb,0.3,0,0.6666666666666666,0.6666666666666667
baseline_b_late,0,rgb,0.3,1,0.6666666666666666,0.4444444444444444
baseline_b_late,0,rgb,0.3,2,0.6666666666666666,0.33333333333333337
baseline_b_late,0,rgb,0.3,3,0.6666666666666666,0.4722222222222222
baseline_b_late,0,rgb,0.3,4,0.6666666666666666,0.75
baseline_b_late,0,rgb,0.4,0,0.6666666666666666,0.6666666666666667
baseline_b_late,0,rgb,0.4,1,0.6666666666666666,0.4444444444444444
baseline_b_late,0,rgb,0.4,2,0.6666666666666666,0.41666666666666663
baseline_b_late,0,rgb,0.4,3,0.6666666666666666,0.6666666666666667
baseline_b_late,0,rgb,0.4,4,0.6666666666666666,0.4444444444444444
baseline_b_late,0,rgb,0.5,0,0.6666666666666666,0.7777777777777778
baseline_b_late,0,rgb,0.5,1,0.6666666666666666,0.6388888888888888
baseline_b_late,0,rgb,0.5,2,0.6666666666666666,0.47222222222222227
baseline_b_late,0,rgb,0.5,3,0.6666666666666666,0.7222222222222222
baseline_b_late,0,rgb,0.5,4,0.6666666666666666,0.3611111111111111
baseline_b_late,0,ir,0.0,0,0.6666666666666666,0.7222222222222223
baseline_b_late,0,ir,0.0,1,0.6666666666666666,0.7222222222222223
baseline_b_late,0,ir,0.0,2,0.6666666666666666,0.7222222222222223
baseline_b_late,0,ir,0.0,3,0.6666666666666666,0.7222222222222223
baseline_b_late,0,ir,0.0,4,0.6666666666666666,0.7222222222222223
baseline_b_late,0,ir,0.1,0,0.5882352941176471,0.6111111111111113
baseline_b_late,0,ir,0.1,1,0.75,0.8611111111111112
baseline_b_late,0,ir,0.1,2,0.6666666666666666,0.7222222222222223
baseline_b_late,0,ir,0.1,3,0.6666666666666666,0.7222222222222223
baseline_b_late,0,ir,0.1,4,0.6666666666666666,0.7222222222222223
baseline_b_late,0,ir,0.2,0,0.7058823529411765,0.7222222222222223
baseline_b_late,0,ir,0.2,1,0.8571428571428571,0.7222222222222223
baseline_b_late,0,ir,0.2,2,0.625,0.7500000000000001
baseline_b_late,0,ir,0.2,3,0.7058823529411765,0.8611111111111112
baseline_b_late,0,ir,0.2,4,0.5714285714285714,0.5555555555555556
baseline_b_late,0,ir,0.3,0,0.5333333333333333,0.6111111111111112
baseline_b_late,0,ir,0.3,1,0.5333333333333333,0.6388888888888888
baseline_b_late,0,ir,0.3,2,0.6666666666666666,0.6944444444444444
baseline_b_late,0,ir,0.3,3,0.46153846153846156,0.5555555555555556
baseline_b_late,0,ir,0.3,4,0.7142857142857143,0.8055555555555556
baseline_b_late,0,ir,0.4,0,0.5882352941176471,0.7222222222222223
baseline_b_late,0,ir,0.4,1,0.5714285714285714,0.5277777777777778
baseline_b_late,0,ir,0.4,2,0.6666666666666666,0.888888888888889
baseline_b_late,0,ir,0.4,3,0.5882352941176471,0.6111111111111113
baseline_b_late,0,ir,0.4,4,0.75,0.7222222222222223
baseline_b_late,0,ir,0.5,0,0.6153846153846154,0.75
baseline_b_late,0,ir,0.5,1,0.3333333333333333,0.5277777777777778
baseline_b_late,0,ir,0.5,2,0.46153846153846156,0.5277777777777778
baseline_b_late,0,ir,0.5,3,0.7692307692307693,0.9444444444444445
baseline_b_late,0,ir,0.5,4,0.46153846153846156,0.5
baseline_b_late,0,gas,0.0,0,0.6666666666666666,0.7222222222222223
baseline_b_late,0,gas,0.0,1,0.6666666666666666,0.7222222222222223
baseline_b_late,0,gas,0.0,2,0.6666666666666666,0.7222222222222223
baseline_b_late,0,gas,0.0,3,0.6666666666666666,0.7222222222222223
baseline_b_late,0,gas,0.0,4,0.6666666666666666,0.7222222222222223
baseline_b_late,0,gas,0.1,0,0.6666666666666666,0.7222222222222223
baseline_b_late,0,gas,0.1,1,0.5882352941176471,0.6111111111111113
baseline_b_late,0,gas,0.1,2,0.6666666666666666,0.7222222222222223
baseline_b_late,0,gas,0.1,3,0.625,0.7222222222222223
baseline_b_late,0,gas,0.1,4,0.7058823529411765,1.0
baseline_b_late,0,gas,0.2,0,0.5333333333333333,0.5555555555555555
baseline_b_late,0,gas,0.2,1,0.6666666666666666,0.7222222222222223
baseline_b_late,0,gas,0.2,2,0.6666666666666666,0.7222222222222223
baseline_b_late,0,gas,0.2,3,0.7058823529411765,0.7222222222222223
baseline_b_late,0,gas,0.2,4,0.625,0.6111111111111112
baseline_b_late,0,gas,0.3,0,0.5882352941176471,0.6111111111111113
baseline_b_late,0,gas,0.3,1,0.6666666666666666,0.6944444444444444
baseline_b_late,0,gas,0.3,2,0.5714285714285714,0.6944444444444444
baseline_b_late,0,gas,0.3,3,0.7142857142857143,0.8055555555555556
baseline_b_late,0,gas,0.3,4,0.42857142857142855,0.5277777777777778
baseline_b_late,0,gas,0.4,0,0.46153846153846156,0.5833333333333333
baseline_b_late,0,gas,0.4,1,0.6666666666666666,0.7500000000000001
baseline_b_late,0,gas,0.4,2,0.6153846153846154,0.75
baseline_b_late,0,gas,0.4,3,0.5882352941176471,0.6944444444444446
baseline_b_late,0,gas,0.4,4,0.5714285714285714,0.6111111111111112
baseline_b_late,0,gas,0.5,0,0.5333333333333333,0.5833333333333334
baseline_b_late,0,gas,0.5,1,0.6153846153846154,0.6944444444444444
baseline_b_late,0,gas,0.5,2,0.5,0.6666666666666667
baseline_b_late,0,gas,0.5,3,0.5454545454545454,0.75
baseline_b_late,0,gas,0.5,4,0.6666666666666666,0.8055555555555556
baseline_b_late,0,joint,0.0,0,0.6666666666666666,0.7222222222222223
baseline_b_late,0,joint,0.0,1,0.6666666666666666,0.7222222222222223
baseline_b_late,0,joint,0.0,2,0.6666666666666666,0.7222222222222223
baseline_b_late,0,joint,0.0,3,0.6666666666666666,0.7222222222222223
baseline_b_late,0,joint,0.0,4,0.6666666666666666,0.7222222222222223
baseline_b_late,0,joint,0.1,0,0.6153846153846154,0.8333333333333333
baseline_b_late,0,joint,0.1,1,0.5882352941176471,0.47222222222222227
baseline_b_late,0,joint,0.1,2,0.7058823529411765,0.5833333333333334
baseline_b_late,0,joint,0.1,3,0.6666666666666666,0.7222222222222223
baseline_b_late,0,joint,0.1,4,0.625,0.6944444444444444
baseline_b_late,0,joint,0.2,0,0.6666666666666666,0.5277777777777778
baseline_b_late,0,joint,0.2,1,0.5882352941176471,0.5
baseline_b_late,0,joint,0.2,2,0.5333333333333333,0.38888888888888895
baseline_b_late,0,joint,0.2,3,0.625,0.33333333333333337
baseline_b_late,0,joint,0.2,4,0.6666666666666666,0.7222222222222223
baseline_b_late,0,joint,0.3,0,0.6153846153846154,0.6666666666666667
baseline_b_late,0,joint,0.3,1,0.5333333333333333,0.3333333333333333
baseline_b_late,0,joint,0.3,2,0.3333333333333333,0.4444444444444444
baseline_b_late,0,joint,0.3,3,0.5714285714285714,0.638888888888889
baseline_b_late,0,joint,0.3,4,0.5714285714285714,0.4166666666666667
baseline_b_late,0,joint,0.4,0,0.7142857142857143,0.638888888888889
baseline_b_late,0,joint,0.4,1,0.625,0.3055555555555556
baseline_b_late,0,joint,0.4,2,0.5714285714285714,0.4444444444444445
baseline_b_late,0,joint,0.4,3,0.5882352941176471,0.375
baseline_b_late,0,joint,0.4,4,0.6153846153846154,0.6111111111111112
baseline_b_late,0,joint,0.5,0,0.75,0.6666666666666667
baseline_b_late,0,joint,0.5,1,0.7058823529411765,0.5138888888888888
baseline_b_late,0,joint,0.5,2,0.16666666666666666,0.3055555555555555
baseline_b_late,0,joint,0.5,3,0.42857142857142855,0.5
baseline_b_late,0,joint,0.5,4,0.5333333333333333,0.6666666666666666
baseline_b_late,1,rgb,0.0,0,0.7142857142857143,0.6388888888888888
baseline_b_late,1,rgb,0.0,1,0.7142857142857143,0.6388888888888888
baseline_b_late,1,rgb,0.0,2,0.7142857142857143,0.6388888888888888
baseline_b_late,1,rgb,0.0,3,0.7142857142857143,0.6388888888888888
baseline_b_late,1,rgb,0.0,4,0.7142857142857143,0.6388888888888888
baseline_b_late,1,rgb,0.1,0,0.7142857142857143,0.5833333333333334
baseline_b_late,1,rgb,0.1,1,0.7142857142857143,0.6388888888888888
baseline_b_late,1,rgb,0.1,2,0.7142857142857143,0.6388888888888888
baseline_b_late,1,rgb,0.1,3,0.7142857142857143,0.6388888888888888
baseline_b_late,1,rgb,0.1,4,0.7142857142857143,0.5833333333333334
baseline_b_late,1,rgb,0.2,0,0.7142857142857143,0.6666666666666667
baseline_b_late,1,rgb,0.2,1,0.5714285714285714,0.47222222222222227
baseline_b_late,1,rgb,0.2,2,0.6666666666666666,0.6111111111111112
baseline_b_late,1,rgb,0.2,3,0.7142857142857143,0.6111111111111112
baseline_b_late,1,rgb,0.2,4,0.8,0.6944444444444445
baseline_b_late,1,rgb,0.3,0,0.75,0.5555555555555556
baseline_b_late,1,rgb,0.3,1,0.7142857142857143,0.6388888888888888
baseline_b_late,1,rgb,0.3,2,0.6153846153846154,0.6388888888888888
baseline_b_late,1,rgb,0.3,3,0.6666666666666666,0.5277777777777778
baseline_b_late,1,rgb,0.3,4,0.7142857142857143,0.6388888888888888
baseline_b_late,1,rgb,0.4,0,0.75,0.5833333333333334
baseline_b_late,1,rgb,0.4,1,0.7142857142857143,0.5555555555555556
baseline_b_late,1,rgb,0.4,2,0.7142857142857143,0.6666666666666667
baseline_b_late,1,rgb,0.4,3,0.75,0.5555555555555556
baseline_b_late,1,rgb,0.4,4,0.7142857142857143,0.638888888888889
baseline_b_late,1,rgb,0.5,0,0.5714285714285714,0.5277777777777778
baseline_b_late,1,rgb,0.5,1,0.8,0.638888888888889
baseline_b_late,1,rgb,0.5,2,0.75,0.5555555555555556
baseline_b_late,1,rgb,0.5,3,0.6666666666666666,0.5277777777777778
baseline_b_late,1,rgb,0.5,4,0.6666666666666666,0.4444444444444445
baseline_b_late,1,ir,0.0,0,0.7142857142857143,0.6388888888888888
baseline_b_late,1,ir,0.0,1,0.7142857142857143,0.6388888888888888
baseline_b_late,1,ir,0.0,2,0.7142857142857143,0.6388888888888888
baseline_b_late,1,ir,0.0,3,0.7142857142857143,0.6388888888888888
baseline_b_late,1,ir,0.0,4,0.7142857142857143,0.6388888888888888
baseline_b_late,1,ir,0.1,0,0.6666666666666666,0.47222222222222227
baseline_b_late,1,ir,0.1,1,0.7142857142857143,0.6111111111111112
baseline_b_late,1,ir,0.1,2,0.7142857142857143,0.6111111111111112
baseline_b_late,1,ir,0.1,3,0.7142857142857143,0.6388888888888888
baseline_b_late,1,ir,0.1,4,0.8,0.6944444444444444
baseline_b_late,1,ir,0.2,0,0.7142857142857143,0.6944444444444444
baseline_b_late,1,ir,0.2,1,0.625,0.4444444444444444
baseline_b_late,1,ir,0.2,2,0.8,0.75
baseline_b_late,1,ir,0.2,3,0.6666666666666666,0.5277777777777778
baseline_b_late,1,ir,0.2,4,0.625,0.5277777777777778
baseline_b_late,1,ir,0.3,0,0.75,0.6944444444444444
baseline_b_late,1,ir,0.3,1,0.75,0.7500000000000001
baseline_b_late,1,ir,0.3,2,0.6666666666666666,0.5277777777777778
baseline_b_late,1,ir,0.3,3,0.7142857142857143,0.6944444444444444
baseline_b_late,1,ir,0.3,4,0.7142857142857143,0.6666666666666667
baseline_b_late,1,ir,0.4,0,0.625,0.5
baseline_b_late,1,ir,0.4,1,0.6666666666666666,0.6944444444444445
baseline_b_late,1,ir,0.4,2,0.6666666666666666,0.6666666666666667
baseline_b_late,1,ir,0.4,3,0.625,0.41666666666666663
baseline_b_late,1,ir,0.4,4,0.7142857142857143,0.5833333333333334
baseline_b_late,1,ir,0.5,0,0.6666666666666666,0.6111111111111112
baseline_b_late,1,ir,0.5,1,0.7058823529411765,0.33333333333333337
baseline_b_late,1,ir,0.5,2,0.8,0.8055555555555556
baseline_b_late,1,ir,0.5,3,0.625,0.5277777777777777
baseline_b_late,1,ir,0.5,4,0.75,0.6388888888888888
baseline_b_late,1,gas,0.0,0,0.7142857142857143,0.6388888888888888
baseline_b_late,1,gas,0.0,1,0.7142857142857143,0.6388888888888888
baseline_b_late,1,gas,0.0,2,0.7142857142857143,0.6388888888888888
baseline_b_late,1,gas,0.0,3,0.7142857142857143,0.6388888888888888
baseline_b_late,1,gas,0.0,4,0.7142857142857143,0.6388888888888888
baseline_b_late,1,gas,0.1,0,0.5,0.4722222222222222
baseline_b_late,1,gas,0.1,1,0.7692307692307693,0.7222222222222223
baseline_b_late,1,gas,0.1,2,0.7692307692307693,0.7500000000000001
baseline_b_late,1,gas,0.1,3,0.7142857142857143,0.6388888888888888
baseline_b_late,1,gas,0.1,4,0.7142857142857143,0.6388888888888888
baseline_b_late,1,gas,0.2,0,0.6666666666666666,0.6388888888888888
baseline_b_late,1,gas,0.2,1,0.7142857142857143,0.6388888888888888
baseline_b_late,1,gas,0.2,2,0.7272727272727273,0.7500000000000001
baseline_b_late,1,gas,0.2,3,0.6153846153846154,0.5555555555555556
baseline_b_late,1,gas,0.2,4,0.6666666666666666,0.6944444444444444
baseline_b_late,1,gas,0.3,0,0.6153846153846154,0.5277777777777778
baseline_b_late,1,gas,0.3,1,0.7272727272727273,0.888888888888889
baseline_b_late,1,gas,0.3,2,0.7142857142857143,0.5555555555555556
baseline_b_late,1,gas,0.3,3,0.6,0.5555555555555556
baseline_b_late,1,gas,0.3,4,0.7692307692307693,0.7222222222222223
baseline_b_late,1,gas,0.4,0,0.5,0.5833333333333334
baseline_b_late,1,gas,0.4,1,0.7272727272727273,0.7777777777777779
baseline_b_late,1,gas,0.4,2,0.7272727272727273,0.7777777777777779
baseline_b_late,1,gas,0.4,3,0.6666666666666666,0.5555555555555555
baseline_b_late,1,gas,0.4,4,0.5454545454545454,0.5
baseline_b_late,1,gas,0.5,0,0.6666666666666666,0.6111111111111112
baseline_b_late,1,gas,0.5,1,0.8,0.888888888888889
baseline_b_late,1,gas,0.5,2,0.6153846153846154,0.5833333333333333
baseline_b_late,1,gas,0.5,3,0.5454545454545454,0.5277777777777778
baseline_b_late,1,gas,0.5,4,0.5454545454545454,0.5833333333333334
baseline_b_late,1,joint,0.0,0,0.7142857142857143,0.6388888888888888
baseline_b_late,1,joint,0.0,1,0.7142857142857143,0.6388888888888888
baseline_b_late,1,joint,0.0,2,0.7142857142857143,0.6388888888888888
baseline_b_late,1,joint,0.0,3,0.7142857142857143,0.6388888888888888
baseline_b_late,1,joint,0.0,4,0.7142857142857143,0.6388888888888888
baseline_b_late,1,joint,0.1,0,0.6666666666666666,0.7222222222222223
baseline_b_late,1,joint,0.1,1,0.7142857142857143,0.5555555555555556
baseline_b_late,1,joint,0.1,2,0.5714285714285714,0.47222222222222227
baseline_b_late,1,joint,0.1,3,0.8571428571428571,0.7500000000000001
baseline_b_late,1,joint,0.1,4,0.6153846153846154,0.5277777777777778
baseline_b_late,1,joint,0.2,0,0.8333333333333334,0.8333333333333334
baseline_b_late,1,joint,0.2,1,0.8,0.6944444444444444
baseline_b_late,1,joint,0.2,2,0.7142857142857143,0.6666666666666667
baseline_b_late,1,joint,0.2,3,0.6153846153846154,0.4722222222222223
baseline_b_late,1,joint,0.2,4,0.6666666666666666,0.7222222222222222
baseline_b_late,1,joint,0.3,0,0.7692307692307693,0.7500000000000001
baseline_b_late,1,joint,0.3,1,0.7692307692307693,0.7500000000000001
baseline_b_late,1,joint,0.3,2,0.5714285714285714,0.4305555555555556
baseline_b_late,1,joint,0.3,3,0.7272727272727273,0.7361111111111112
baseline_b_late,1,joint,0.3,4,0.6153846153846154,0.5555555555555556
baseline_b_late,1,joint,0.4,0,0.18181818181818182,0.16666666666666666
baseline_b_late,1,joint,0.4,1,0.7142857142857143,0.7222222222222223
baseline_b_late,1,joint,0.4,2,0.5882352941176471,0.5555555555555556
baseline_b_late,1,joint,0.4,3,0.7692307692307693,0.75
baseline_b_late,1,joint,0.4,4,0.6,0.7222222222222223
baseline_b_late,1,joint,0.5,0,0.6666666666666666,0.7361111111111112
baseline_b_late,1,joint,0.5,1,0.6,0.6666666666666667
baseline_b_late,1,joint,0.5,2,0.6,0.6111111111111112
baseline_b_late,1,joint,0.5,3,0.4444444444444444,0.4027777777777778
baseline_b_late,1,joint,0.5,4,0.6666666666666666,0.7222222222222222
baseline_b_late,2,rgb,0.0,0,0.0,0.24999999999999997
baseline_b_late,2,rgb,0.0,1,0.0,0.24999999999999997
baseline_b_late,2,rgb,0.0,2,0.0,0.24999999999999997
baseline_b_late,2,rgb,0.0,3,0.0,0.24999999999999997
baseline_b_late,2,rgb,0.0,4,0.0,0.24999999999999997
baseline_b_late,2,rgb,0.1,0,0.0,0.24999999999999997
baseline_b_late,2,rgb,0.1,1,0.0,0.19444444444444442
baseline_b_late,2,rgb,0.1,2,0.0,0.3611111111111111
baseline_b_late,2,rgb,0.1,3,0.0,0.24999999999999997
baseline_b_late,2,rgb,0.1,4,0.0,0.25
baseline_b_late,2,rgb,0.2,0,0.0,0.3888888888888889
baseline_b_late,2,rgb,0.2,1,0.0,0.5
baseline_b_late,2,rgb,0.2,2,0.0,0.16666666666666666
baseline_b_late,2,rgb,0.2,3,0.0,0.36111111111111105
baseline_b_late,2,rgb,0.2,4,0.0,0.5277777777777778
baseline_b_late,2,rgb,0.3,0,0.0,0.25
baseline_b_late,2,rgb,0.3,1,0.0,0.5
baseline_b_late,2,rgb,0.3,2,0.0,0.13888888888888887
baseline_b_late,2,rgb,0.3,3,0.0,0.5555555555555556
baseline_b_late,2,rgb,0.3,4,0.0,0.6666666666666667
baseline_b_late,2,rgb,0.4,0,0.0,0.19444444444444445
baseline_b_late,2,rgb,0.4,1,0.0,0.25
baseline_b_late,2,rgb,0.4,2,0.0,0.3611111111111111
baseline_b_late,2,rgb,0.4,3,0.0,0.38888888888888884
baseline_b_late,2,rgb,0.4,4,0.0,0.5277777777777778
baseline_b_late,2,rgb,0.5,0,0.0,0.1388888888888889
baseline_b_late,2,rgb,0.5,1,0.0,0.2777777777777778
baseline_b_late,2,rgb,0.5,2,0.0,0.1388888888888889
baseline_b_late,2,rgb,0.5,3,0.0,0.25
baseline_b_late,2,rgb,0.5,4,0.0,0.5277777777777778
baseline_b_late,2,ir,0.0,0,0.0,0.24999999999999997
baseline_b_late,2,ir,0.0,1,0.0,0.24999999999999997
baseline_b_late,2,ir,0.0,2,0.0,0.24999999999999997
baseline_b_late,2,ir,0.0,3,0.0,0.24999999999999997
baseline_b_late,2,ir,0.0,4,0.0,0.24999999999999997
baseline_b_late,2,ir,0.1,0,0.4444444444444444,0.4444444444444444
baseline_b_late,2,ir,0.1,1,0.0,0.2777777777777778
baseline_b_late,2,ir,0.1,2,0.0,0.24999999999999997
baseline_b_late,2,ir,0.1,3,0.0,0.24999999999999997
baseline_b_late,2,ir,0.1,4,0.2222222222222222,0.3055555555555556
baseline_b_late,2,ir,0.2,0,0.2222222222222222,0.3055555555555556
baseline_b_late,2,ir,0.2,1,0.0,0.22222222222222224
baseline_b_late,2,ir,0.2,2,0.0,0.25
baseline_b_late,2,ir,0.2,3,0.2,0.2222222222222222
baseline_b_late,2,ir,0.2,4,0.6,0.638888888888889
baseline_b_late,2,ir,0.3,0,0.2222222222222222,0.3055555555555555
baseline_b_late,2,ir,0.3,1,0.2222222222222222,0.25
baseline_b_late,2,ir,0.3,2,0.6666666666666666,0.5833333333333334
baseline_b_late,2,ir,0.3,3,0.0,0.2777777777777778
baseline_b_late,2,ir,0.3,4,0.8571428571428571,0.9444444444444444
baseline_b_late,2,ir,0.4,0,0.4,0.5277777777777778
baseline_b_late,2,ir,0.4,1,0.6153846153846154,0.6666666666666667
baseline_b_late,2,ir,0.4,2,0.16666666666666666,0.19444444444444442
baseline_b_late,2,ir,0.4,3,0.15384615384615385,0.08333333333333333
baseline_b_late,2,ir,0.4,4,0.36363636363636365,0.41666666666666663
baseline_b_late,2,ir,0.5,0,0.18181818181818182,0.19444444444444445
baseline_b_late,2,ir,0.5,1,0.46153846153846156,0.3055555555555556
baseline_b_late,2,ir,0.5,2,0.6666666666666666,0.5
baseline_b_late,2,ir,0.5,3,0.6666666666666666,0.5833333333333334
baseline_b_late,2,ir,0.5,4,0.3076923076923077,0.2777777777777778
baseline_b_late,2,gas,0.0,0,0.0,0.24999999999999997
baseline_b_late,2,gas,0.0,1,0.0,0.24999999999999997
baseline_b_late,2,gas,0.0,2,0.0,0.24999999999999997
baseline_b_late,2,gas,0.0,3,0.0,0.24999999999999997
baseline_b_late,2,gas,0.0,4,0.0,0.24999999999999997
baseline_b_late,2,gas,0.1,0,0.0,0.2777777777777778
baseline_b_late,2,gas,0.1,1,0.0,0.24999999999999997
baseline_b_late,2,gas,0.1,2,0.0,0.24999999999999997
baseline_b_late,2,gas,0.1,3,0.0,0.1111111111111111
baseline_b_late,2,gas,0.1,4,0.0,0.24999999999999997
baseline_b_late,2,gas,0.2,0,0.0,0.4722222222222222
baseline_b_late,2,gas,0.2,1,0.0,0.2777777777777778
baseline_b_late,2,gas,0.2,2,0.0,0.3055555555555556
baseline_b_late,2,gas,0.2,3,0.0,0.36111111111111105
baseline_b_late,2,gas,0.2,4,0.0,0.2777777777777778
baseline_b_late,2,gas,0.3,0,0.0,0.3055555555555556
baseline_b_late,2,gas,0.3,1,0.0,0.27777777777777773
baseline_b_late,2,gas,0.3,2,0.0,0.2777777777777778
baseline_b_late,2,gas,0.3,3,0.0,0.3055555555555556
baseline_b_late,2,gas,0.3,4,0.0,0.4444444444444445
baseline_b_late,2,gas,0.4,0,0.0,0.25
baseline_b_late,2,gas,0.4,1,0.0,0.3055555555555555
baseline_b_late,2,gas,0.4,2,0.0,0.2777777777777778
baseline_b_late,2,gas,0.4,3,0.0,0.4444444444444444
baseline_b_late,2,gas,0.4,4,0.0,0.44444444444444453
baseline_b_late,2,gas,0.5,0,0.0,0.5277777777777777
baseline_b_late,2,gas,0.5,1,0.0,0.02777777777777777
baseline_b_late,2,gas,0.5,2,0.0,0.38888888888888884
baseline_b_late,2,gas,0.5,3,0.0,0.38888888888888884
baseline_b_late,2,gas,0.5,4,0.0,0.3055555555555555
baseline_b_late,2,joint,0.0,0,0.0,0.24999999999999997
baseline_b_late,2,joint,0.0,1,0.0,0.24999999999999997
baseline_b_late,2,joint,0.0,2,0.0,0.24999999999999997
baseline_b_late,2,joint,0.0,3,0.0,0.24999999999999997
baseline_b_late,2,joint,0.0,4,0.0,0.24999999999999997
baseline_b_late,2,joint,0.1,0,0.0,0.22222222222222218
baseline_b_late,2,joint,0.1,1,0.0,0.2777777777777778
baseline_b_late,2,joint,0.1,2,0.25,0.4444444444444445
baseline_b_late,2,joint,0.1,3,0.25,0.3333333333333333
baseline_b_late,2,joint,0.1,4,0.25,0.4722222222222222
baseline_b_late,2,joint,0.2,0,0.4,0.6111111111111112
baseline_b_late,2,joint,0.2,1,0.4444444444444444,0.4166666666666667
baseline_b_late,2,joint,0.2,2,0.5,0.4722222222222223
baseline_b_late,2,joint,0.2,3,0.25,0.2777777777777778
baseline_b_late,2,joint,0.2,4,0.2222222222222222,0.5277777777777778
baseline_b_late,2,joint,0.3,0,0.4,0.5000000000000001
baseline_b_late,2,joint,0.3,1,0.2,0.3055555555555556
baseline_b_late,2,joint,0.3,2,0.5,0.3611111111111111
baseline_b_late,2,joint,0.3,3,0.0,0.3888888888888889
baseline_b_late,2,joint,0.3,4,0.25,0.5277777777777778
baseline_b_late,2,joint,0.4,0,0.6,0.8611111111111112
baseline_b_late,2,joint,0.4,1,0.4,0.5555555555555556
baseline_b_late,2,joint,0.4,2,0.5454545454545454,0.6666666666666667
baseline_b_late,2,joint,0.4,3,0.0,0.41666666666666663
baseline_b_late,2,joint,0.4,4,0.7272727272727273,0.6944444444444446
baseline_b_late,2,joint,0.5,0,0.6666666666666666,0.8055555555555556
baseline_b_late,2,joint,0.5,1,0.4444444444444444,0.611111111111111
baseline_b_late,2,joint,0.5,2,0.25,0.19444444444444445
baseline_b_late,2,joint,0.5,3,0.5454545454545454,0.5
baseline_b_late,2,joint,0.5,4,0.4,0.36111111111111105
baseline_b_late,3,rgb,0.0,0,0.6666666666666666,0.38888888888888884
baseline_b_late,3,rgb,0.0,1,0.6666666666666666,0.38888888888888884
baseline_b_late,3,rgb,0.0,2,0.6666666666666666,0.38888888888888884
baseline_b_late,3,rgb,0.0,3,0.6666666666666666,0.38888888888888884
baseline_b_late,3,rgb,0.0,4,0.6666666666666666,0.38888888888888884
baseline_b_late,3,rgb,0.1,0,0.6666666666666666,0.4444444444444444
baseline_b_late,3,rgb,0.1,1,0.6666666666666666,0.4722222222222222
baseline_b_late,3,rgb,0.1,2,0.6666666666666666,0.5277777777777777
baseline_b_late,3,rgb,0.1,3,0.6666666666666666,0.4444444444444444
baseline_b_late,3,rgb,0.1,4,0.6666666666666666,0.38888888888888884
baseline_b_late,3,rgb,0.2,0,0.6666666666666666,0.25
baseline_b_late,3,rgb,0.2,1,0.6666666666666666,0.38888888888888884
baseline_b_late,3,rgb,0.2,2,0.6666666666666666,0.3055555555555556
baseline_b_late,3,rgb,0.2,3,0.6666666666666666,0.3888888888888889
baseline_b_late,3,rgb,0.2,4,0.6666666666666666,0.3888888888888889
baseline_b_late,3,rgb,0.3,0,0.6666666666666666,0.4722222222222222
baseline_b_late,3,rgb,0.3,1,0.6666666666666666,0.5
baseline_b_late,3,rgb,0.3,2,0.6666666666666666,0.5833333333333334
baseline_b_late,3,rgb,0.3,3,0.6666666666666666,0.4444444444444444
baseline_b_late,3,rgb,0.3,4,0.6666666666666666,0.41666666666666663
baseline_b_late,3,rgb,0.4,0,0.6666666666666666,0.3611111111111111
baseline_b_late,3,rgb,0.4,1,0.6666666666666666,0.3611111111111111
baseline_b_late,3,rgb,0.4,2,0.6666666666666666,0.3055555555555556
baseline_b_late,3,rgb,0.4,3,0.6666666666666666,0.6388888888888888
baseline_b_late,3,rgb,0.4,4,0.6666666666666666,0.33333333333333326
baseline_b_late,3,rgb,0.5,0,0.6666666666666666,0.5277777777777778
baseline_b_late,3,rgb,0.5,1,0.6666666666666666,0.3888888888888889
baseline_b_late,3,rgb,0.5,2,0.6666666666666666,0.5
baseline_b_late,3,rgb,0.5,3,0.6666666666666666,0.4722222222222222
baseline_b_late,3,rgb,0.5,4,0.6666666666666666,0.3055555555555555
baseline_b_late,3,ir,0.0,0,0.6666666666666666,0.38888888888888884
baseline_b_late,3,ir,0.0,1,0.6666666666666666,0.38888888888888884
baseline_b_late,3,ir,0.0,2,0.6666666666666666,0.38888888888888884
baseline_b_late,3,ir,0.0,3,0.6666666666666666,0.38888888888888884
baseline_b_late,3,ir,0.0,4,0.6666666666666666,0.38888888888888884
baseline_b_late,3,ir,0.1,0,0.6666666666666666,0.5
baseline_b_late,3,ir,0.1,1,0.6666666666666666,0.3611111111111111
baseline_b_late,3,ir,0.1,2,0.6666666666666666,0.38888888888888884
baseline_b_late,3,ir,0.1,3,0.6666666666666666,0.3888888888888889
baseline_b_late,3,ir,0.1,4,0.6666666666666666,0.38888888888888884
baseline_b_late,3,ir,0.2,0,0.6666666666666666,0.5277777777777778
baseline_b_late,3,ir,0.2,1,0.6666666666666666,0.3888888888888889
baseline_b_late,3,ir,0.2,2,0.6666666666666666,0.4722222222222222
baseline_b_late,3,ir,0.2,3,0.6666666666666666,0.5
baseline_b_late,3,ir,0.2,4,0.6666666666666666,0.3055555555555556
baseline_b_late,3,ir,0.3,0,0.6666666666666666,0.33333333333333337
baseline_b_late,3,ir,0.3,1,0.6666666666666666,0.22222222222222224
baseline_b_late,3,ir,0.3,2,0.6666666666666666,0.3888888888888889
baseline_b_late,3,ir,0.3,3,0.6666666666666666,0.2777777777777778
baseline_b_late,3,ir,0.3,4,0.6666666666666666,0.5277777777777778
baseline_b_late,3,ir,0.4,0,0.6666666666666666,0.36111111111111116
baseline_b_late,3,ir,0.4,1,0.6666666666666666,0.4444444444444444
baseline_b_late,3,ir,0.4,2,0.6666666666666666,0.5
baseline_b_late,3,ir,0.4,3,0.6666666666666666,0.4444444444444444
baseline_b_late,3,ir,0.4,4,0.6666666666666666,0.6388888888888888
baseline_b_late,3,ir,0.5,0,0.6666666666666666,0.2222222222222222
baseline_b_late,3,ir,0.5,1,0.6666666666666666,0.3333333333333333
baseline_b_late,3,ir,0.5,2,0.6666666666666666,0.33333333333333337
baseline_b_late,3,ir,0.5,3,0.6666666666666666,0.16666666666666663
baseline_b_late,3,ir,0.5,4,0.6666666666666666,0.4444444444444444
baseline_b_late,3,gas,0.0,0,0.6666666666666666,0.38888888888888884
baseline_b_late,3,gas,0.0,1,0.6666666666666666,0.38888888888888884
baseline_b_late,3,gas,0.0,2,0.6666666666666666,0.38888888888888884
baseline_b_late,3,gas,0.0,3,0.6666666666666666,0.38888888888888884
baseline_b_late,3,gas,0.0,4,0.6666666666666666,0.38888888888888884
baseline_b_late,3,gas,0.1,0,0.6666666666666666,0.4722222222222223
baseline_b_late,3,gas,0.1,1,0.6666666666666666,0.3055555555555555
baseline_b_late,3,gas,0.1,2,0.6666666666666666,0.38888888888888884
baseline_b_late,3,gas,0.1,3,0.6666666666666666,0.38888888888888895
baseline_b_late,3,gas,0.1,4,0.6666666666666666,0.6111111111111112
baseline_b_late,3,gas,0.2,0,0.6666666666666666,0.3333333333333333
baseline_b_late,3,gas,0.2,1,0.6666666666666666,0.6388888888888888
baseline_b_late,3,gas,0.2,2,0.6666666666666666,0.2777777777777778
baseline_b_late,3,gas,0.2,3,0.6666666666666666,0.5
baseline_b_late,3,gas,0.2,4,0.6666666666666666,0.6388888888888888
baseline_b_late,3,gas,0.3,0,0.6666666666666666,0.7500000000000001
baseline_b_late,3,gas,0.3,1,0.6666666666666666,0.41666666666666674
baseline_b_late,3,gas,0.3,2,0.6666666666666666,0.6666666666666667
baseline_b_late,3,gas,0.3,3,0.6666666666666666,0.611111111111111
baseline_b_late,3,gas,0.3,4,0.6666666666666666,0.33333333333333337
baseline_b_late,3,gas,0.4,0,0.6666666666666666,0.3611111111111111
baseline_b_late,3,gas,0.4,1,0.6666666666666666,0.3611111111111111
baseline_b_late,3,gas,0.4,2,0.6666666666666666,0.6944444444444444
baseline_b_late,3,gas,0.4,3,0.6666666666666666,0.6666666666666667
baseline_b_late,3,gas,0.4,4,0.6666666666666666,0.4444444444444445
baseline_b_late,3,gas,0.5,0,0.6666666666666666,0.4722222222222222
baseline_b_late,3,gas,0.5,1,0.6666666666666666,0.6388888888888888
baseline_b_late,3,gas,0.5,2,0.6666666666666666,0.8333333333333334
baseline_b_late,3,gas,0.5,3,0.6666666666666666,0.5833333333333334
baseline_b_late,3,gas,0.5,4,0.6666666666666666,0.5277777777777778
baseline_b_late,3,joint,0.0,0,0.6666666666666666,0.38888888888888884
baseline_b_late,3,joint,0.0,1,0.6666666666666666,0.38888888888888884
baseline_b_late,3,joint,0.0,2,0.6666666666666666,0.38888888888888884
baseline_b_late,3,joint,0.0,3,0.6666666666666666,0.38888888888888884
baseline_b_late,3,joint,0.0,4,0.6666666666666666,0.38888888888888884
baseline_b_late,3,joint,0.1,0,0.6666666666666666,0.22222222222222224
baseline_b_late,3,joint,0.1,1,0.6666666666666666,0.5277777777777778
baseline_b_late,3,joint,0.1,2,0.6666666666666666,0.38888888888888884
baseline_b_late,3,joint,0.1,3,0.6666666666666666,0.33333333333333337
baseline_b_late,3,joint,0.1,4,0.6666666666666666,0.11111111111111112
baseline_b_late,3,joint,0.2,0,0.6666666666666666,0.3333333333333333
baseline_b_late,3,joint,0.2,1,0.6666666666666666,0.5277777777777778
baseline_b_late,3,joint,0.2,2,0.6666666666666666,0.3055555555555555
baseline_b_late,3,joint,0.2,3,0.6666666666666666,0.6111111111111112
baseline_b_late,3,joint,0.2,4,0.6666666666666666,0.75
baseline_b_late,3,joint,0.3,0,0.6666666666666666,0.75
baseline_b_late,3,joint,0.3,1,0.6666666666666666,0.5277777777777779
baseline_b_late,3,joint,0.3,2,0.6666666666666666,0.41666666666666663
baseline_b_late,3,joint,0.3,3,0.6666666666666666,0.8333333333333334
baseline_b_late,3,joint,0.3,4,0.6666666666666666,0.44444444444444453
baseline_b_late,3,joint,0.4,0,0.6666666666666666,0.2777777777777778
baseline_b_late,3,joint,0.4,1,0.6666666666666666,0.38888888888888884
baseline_b_late,3,joint,0.4,2,0.6666666666666666,0.6388888888888888
baseline_b_late,3,joint,0.4,3,0.6666666666666666,0.5555555555555556
baseline_b_late,3,joint,0.4,4,0.6666666666666666,0.6944444444444444
baseline_b_late,3,joint,0.5,0,0.6666666666666666,0.34722222222222227
baseline_b_late,3,joint,0.5,1,0.6666666666666666,0.6666666666666667
baseline_b_late,3,joint,0.5,2,0.6666666666666666,0.33333333333333337
baseline_b_late,3,joint,0.5,3,0.6666666666666666,0.8333333333333334
baseline_b_late,3,joint,0.5,4,0.6666666666666666,0.5555555555555556
baseline_b_late,4,rgb,0.0,0,0.6666666666666666,0.5833333333333333
baseline_b_late,4,rgb,0.0,1,0.6666666666666666,0.5833333333333333
baseline_b_late,4,rgb,0.0,2,0.6666666666666666,0.5833333333333333
baseline_b_late,4,rgb,0.0,3,0.6666666666666666,0.5833333333333333
baseline_b_late,4,rgb,0.0,4,0.6666666666666666,0.5833333333333333
baseline_b_late,4,rgb,0.1,0,0.6666666666666666,0.5833333333333333
baseline_b_late,4,rgb,0.1,1,0.6666666666666666,0.5833333333333333
baseline_b_late,4,rgb,0.1,2,0.6666666666666666,0.5833333333333333
baseline_b_late,4,rgb,0.1,3,0.6666666666666666,0.5833333333333333
baseline_b_late,4,rgb,0.1,4,0.6666666666666666,0.5833333333333333
baseline_b_late,4,rgb,0.2,0,0.6666666666666666,0.5277777777777779
baseline_b_late,4,rgb,0.2,1,0.6666666666666666,0.5555555555555556
baseline_b_late,4,rgb,0.2,2,0.6666666666666666,0.4722222222222222
baseline_b_late,4,rgb,0.2,3,0.6666666666666666,0.5833333333333333
baseline_b_late,4,rgb,0.2,4,0.6666666666666666,0.6111111111111112
baseline_b_late,4,rgb,0.3,0,0.6666666666666666,0.6666666666666667
baseline_b_late,4,rgb,0.3,1,0.6666666666666666,0.6944444444444444
baseline_b_late,4,rgb,0.3,2,0.6666666666666666,0.4444444444444444
baseline_b_late,4,rgb,0.3,3,0.6666666666666666,0.7222222222222223
baseline_b_late,4,rgb,0.3,4,0.6666666666666666,0.44444444444444453
baseline_b_late,4,rgb,0.4,0,0.6666666666666666,0.4722222222222222
baseline_b_late,4,rgb,0.4,1,0.6666666666666666,0.5833333333333333
baseline_b_late,4,rgb,0.4,2,0.6666666666666666,0.4444444444444444
baseline_b_late,4,rgb,0.4,3,0.6666666666666666,0.5555555555555556
baseline_b_late,4,rgb,0.4,4,0.6666666666666666,0.5277777777777778
baseline_b_late,4,rgb,0.5,0,0.6666666666666666,0.5277777777777778
baseline_b_late,4,rgb,0.5,1,0.6666666666666666,0.5833333333333333
baseline_b_late,4,rgb,0.5,2,0.6666666666666666,0.5555555555555556
baseline_b_late,4,rgb,0.5,3,0.6666666666666666,0.5277777777777778
baseline_b_late,4,rgb,0.5,4,0.6666666666666666,0.6388888888888888
baseline_b_late,4,ir,0.0,0,0.6666666666666666,0.5833333333333333
baseline_b_late,4,ir,0.0,1,0.6666666666666666,0.5833333333333333
baseline_b_late,4,ir,0.0,2,0.6666666666666666,0.5833333333333333
baseline_b_late,4,ir,0.0,3,0.6666666666666666,0.5833333333333333
baseline_b_late,4,ir,0.0,4,0.6666666666666666,0.5833333333333333
baseline_b_late,4,ir,0.1,0,0.6666666666666666,0.6388888888888888
baseline_b_late,4,ir,0.1,1,0.6666666666666666,0.5277777777777778
baseline_b_late,4,ir,0.1,2,0.6666666666666666,0.5833333333333334
baseline_b_late,4,ir,0.1,3,0.6666666666666666,0.5555555555555556
baseline_b_late,4,ir,0.1,4,0.6666666666666666,0.5833333333333333
baseline_b_late,4,ir,0.2,0,0.6666666666666666,0.36111111111111116
baseline_b_late,4,ir,0.2,1,0.6666666666666666,0.6388888888888888
baseline_b_late,4,ir,0.2,2,0.6666666666666666,0.5277777777777777
baseline_b_late,4,ir,0.2,3,0.6666666666666666,0.36111111111111105
baseline_b_late,4,ir,0.2,4,0.6666666666666666,0.5833333333333334
baseline_b_late,4,ir,0.3,0,0.6666666666666666,0.5833333333333334
baseline_b_late,4,ir,0.3,1,0.6666666666666666,0.5833333333333334
baseline_b_late,4,ir,0.3,2,0.6666666666666666,0.4166666666666667
baseline_b_late,4,ir,0.3,3,0.6666666666666666,0.75
baseline_b_late,4,ir,0.3,4,0.6666666666666666,0.6666666666666667
baseline_b_late,4,ir,0.4,0,0.6666666666666666,0.5277777777777778
baseline_b_late,4,ir,0.4,1,0.6666666666666666,0.5
baseline_b_late,4,ir,0.4,2,0.6666666666666666,0.6666666666666667
baseline_b_late,4,ir,0.4,3,0.6666666666666666,0.6944444444444444
baseline_b_late,4,ir,0.4,4,0.6666666666666666,0.4166666666666667
baseline_b_late,4,ir,0.5,0,0.6666666666666666,0.6666666666666667
baseline_b_late,4,ir,0.5,1,0.6666666666666666,0.33333333333333337
baseline_b_late,4,ir,0.5,2,0.6666666666666666,0.638888888888889
baseline_b_late,4,ir,0.5,3,0.6666666666666666,0.5555555555555556
baseline_b_late,4,ir,0.5,4,0.6666666666666666,0.5
baseline_b_late,4,gas,0.0,0,0.6666666666666666,0.5833333333333333
baseline_b_late,4,gas,0.0,1,0.6666666666666666,0.5833333333333333
baseline_b_late,4,gas,0.0,2,0.6666666666666666,0.5833333333333333
baseline_b_late,4,gas,0.0,3,0.6666666666666666,0.5833333333333333
baseline_b_late,4,gas,0.0,4,0.6666666666666666,0.5833333333333333
baseline_b_late,4,gas,0.1,0,0.6666666666666666,0.6111111111111112
baseline_b_late,4,gas,0.1,1,0.6666666666666666,0.5277777777777778
baseline_b_late,4,gas,0.1,2,0.6666666666666666,0.7222222222222223
baseline_b_late,4,gas,0.1,3,0.6666666666666666,0.5833333333333333
baseline_b_late,4,gas,0.1,4,0.6666666666666666,0.3333333333333333
baseline_b_late,4,gas,0.2,0,0.6666666666666666,0.4444444444444444
baseline_b_late,4,gas,0.2,1,0.6666666666666666,0.5277777777777778
baseline_b_late,4,gas,0.2,2,0.6666666666666666,0.5833333333333333
baseline_b_late,4,gas,0.2,3,0.6666666666666666,0.6111111111111112
baseline_b_late,4,gas,0.2,4,0.6666666666666666,0.5
baseline_b_late,4,gas,0.3,0,0.6666666666666666,0.5277777777777777
baseline_b_late,4,gas,0.3,1,0.6666666666666666,0.5277777777777777
baseline_b_late,4,gas,0.3,2,0.6666666666666666,0.5
baseline_b_late,4,gas,0.3,3,0.6666666666666666,0.5833333333333333
baseline_b_late,4,gas,0.3,4,0.6666666666666666,0.4722222222222222
baseline_b_late,4,gas,0.4,0,0.6666666666666666,0.5
baseline_b_late,4,gas,0.4,1,0.6666666666666666,0.3611111111111111
baseline_b_late,4,gas,0.4,2,0.6666666666666666,0.5555555555555556
baseline_b_late,4,gas,0.4,3,0.6666666666666666,0.6388888888888888
baseline_b_late,4,gas,0.4,4,0.6666666666666666,0.2777777777777778
baseline_b_late,4,gas,0.5,0,0.6666666666666666,0.3055555555555556
baseline_b_late,4,gas,0.5,1,0.6666666666666666,0.6666666666666667
baseline_b_late,4,gas,0.5,2,0.6666666666666666,0.7222222222222222
baseline_b_late,4,gas,0.5,3,0.6666666666666666,0.5833333333333333
baseline_b_late,4,gas,0.5,4,0.6666666666666666,0.7222222222222223
baseline_b_late,4,joint,0.0,0,0.6666666666666666,0.5833333333333333
baseline_b_late,4,joint,0.0,1,0.6666666666666666,0.5833333333333333
baseline_b_late,4,joint,0.0,2,0.6666666666666666,0.5833333333333333
baseline_b_late,4,joint,0.0,3,0.6666666666666666,0.5833333333333333
baseline_b_late,4,joint,0.0,4,0.6666666666666666,0.5833333333333333
baseline_b_late,4,joint,0.1,0,0.6666666666666666,0.6666666666666667
baseline_b_late,4,joint,0.1,1,0.6666666666666666,0.4722222222222222
baseline_b_late,4,joint,0.1,2,0.6666666666666666,0.5833333333333334
baseline_b_late,4,joint,0.1,3,0.6666666666666666,0.5833333333333333
baseline_b_late,4,joint,0.1,4,0.6666666666666666,0.4722222222222222
baseline_b_late,4,joint,0.2,0,0.6666666666666666,0.7222222222222223
baseline_b_late,4,joint,0.2,1,0.6666666666666666,0.6388888888888888
baseline_b_late,4,joint,0.2,2,0.6666666666666666,0.3888888888888889
baseline_b_late,4,joint,0.2,3,0.6666666666666666,0.47222222222222227
baseline_b_late,4,joint,0.2,4,0.6666666666666666,0.27777777777777773
baseline_b_late,4,joint,0.3,0,0.6666666666666666,0.6111111111111112
baseline_b_late,4,joint,0.3,1,0.6666666666666666,0.6666666666666667
baseline_b_late,4,joint,0.3,2,0.6666666666666666,0.6666666666666667
baseline_b_late,4,joint,0.3,3,0.6666666666666666,0.3333333333333333
baseline_b_late,4,joint,0.3,4,0.6666666666666666,0.41666666666666663
baseline_b_late,4,joint,0.4,0,0.6666666666666666,0.3888888888888889
baseline_b_late,4,joint,0.4,1,0.6666666666666666,0.6111111111111112
baseline_b_late,4,joint,0.4,2,0.6666666666666666,0.4722222222222222
baseline_b_late,4,joint,0.4,3,0.6666666666666666,0.25
baseline_b_late,4,joint,0.4,4,0.6666666666666666,0.5
baseline_b_late,4,joint,0.5,0,0.6666666666666666,0.4444444444444444
baseline_b_late,4,joint,0.5,1,0.6666666666666666,0.5416666666666667
baseline_b_late,4,joint,0.5,2,0.6666666666666666,0.6944444444444444
baseline_b_late,4,joint,0.5,3,0.6666666666666666,0.36111111111111116
baseline_b_late,4,joint,0.5,4,0.6666666666666666,0.5833333333333334
baseline_b_late,5,rgb,0.0,0,0.6666666666666666,0.5
baseline_b_late,5,rgb,0.0,1,0.6666666666666666,0.5
baseline_b_late,5,rgb,0.0,2,0.6666666666666666,0.5
baseline_b_late,5,rgb,0.0,3,0.6666666666666666,0.5
baseline_b_late,5,rgb,0.0,4,0.6666666666666666,0.5
baseline_b_late,5,rgb,0.1,0,0.6666666666666666,0.47222222222222227
baseline_b_late,5,rgb,0.1,1,0.6666666666666666,0.5
baseline_b_late,5,rgb,0.1,2,0.6666666666666666,0.4722222222222222
baseline_b_late,5,rgb,0.1,3,0.6666666666666666,0.5
baseline_b_late,5,rgb,0.1,4,0.6666666666666666,0.5
baseline_b_late,5,rgb,0.2,0,0.6666666666666666,0.4444444444444445
baseline_b_late,5,rgb,0.2,1,0.6666666666666666,0.4722222222222222
baseline_b_late,5,rgb,0.2,2,0.6666666666666666,0.4722222222222222
baseline_b_late,5,rgb,0.2,3,0.6666666666666666,0.5
baseline_b_late,5,rgb,0.2,4,0.6666666666666666,0.5
baseline_b_late,5,rgb,0.3,0,0.6666666666666666,0.4166666666666667
baseline_b_late,5,rgb,0.3,1,0.6666666666666666,0.4166666666666667
baseline_b_late,5,rgb,0.3,2,0.6666666666666666,0.5
baseline_b_late,5,rgb,0.3,3,0.6666666666666666,0.4166666666666667
baseline_b_late,5,rgb,0.3,4,0.6666666666666666,0.5
baseline_b_late,5,rgb,0.4,0,0.6666666666666666,0.5
baseline_b_late,5,rgb,0.4,1,0.6666666666666666,0.4722222222222222
baseline_b_late,5,rgb,0.4,2,0.6666666666666666,0.4166666666666667
baseline_b_late,5,rgb,0.4,3,0.6666666666666666,0.4166666666666667
baseline_b_late,5,rgb,0.4,4,0.6666666666666666,0.5
baseline_b_late,5,rgb,0.5,0,0.6666666666666666,0.4722222222222222
baseline_b_late,5,rgb,0.5,1,0.6666666666666666,0.4722222222222222
baseline_b_late,5,rgb,0.5,2,0.6666666666666666,0.4722222222222222
baseline_b_late,5,rgb,0.5,3,0.6666666666666666,0.5
baseline_b_late,5,rgb,0.5,4,0.6666666666666666,0.4722222222222222
baseline_b_late,5,ir,0.0,0,0.6666666666666666,0.5
baseline_b_late,5,ir,0.0,1,0.6666666666666666,0.5
baseline_b_late,5,ir,0.0,2,0.6666666666666666,0.5
baseline_b_late,5,ir,0.0,3,0.6666666666666666,0.5
baseline_b_late,5,ir,0.0,4,0.6666666666666666,0.5
baseline_b_late,5,ir,0.1,0,0.6666666666666666,0.5
baseline_b_late,5,ir,0.1,1,0.6666666666666666,0.5277777777777778
baseline_b_late,5,ir,0.1,2,0.6666666666666666,0.5
baseline_b_late,5,ir,0.1,3,0.6666666666666666,0.47222222222222227
baseline_b_late,5,ir,0.1,4,0.6666666666666666,0.4444444444444445
baseline_b_late,5,ir,0.2,0,0.6666666666666666,0.6666666666666667
baseline_b_late,5,ir,0.2,1,0.6666666666666666,0.5555555555555556
baseline_b_late,5,ir,0.2,2,0.6666666666666666,0.5
baseline_b_late,5,ir,0.2,3,0.6666666666666666,0.4444444444444445
baseline_b_late,5,ir,0.2,4,0.6666666666666666,0.5277777777777778
baseline_b_late,5,ir,0.3,0,0.6666666666666666,0.41666666666666663
baseline_b_late,5,ir,0.3,1,0.6666666666666666,0.3055555555555556
baseline_b_late,5,ir,0.3,2,0.6666666666666666,0.5555555555555556
baseline_b_late,5,ir,0.3,3,0.6666666666666666,0.4166666666666667
baseline_b_late,5,ir,0.3,4,0.6666666666666666,0.5277777777777778
baseline_b_late,5,ir,0.4,0,0.6666666666666666,0.41666666666666674
baseline_b_late,5,ir,0.4,1,0.6666666666666666,0.6944444444444445
baseline_b_late,5,ir,0.4,2,0.6666666666666666,0.5
baseline_b_late,5,ir,0.4,3,0.6666666666666666,0.5555555555555556
baseline_b_late,5,ir,0.4,4,0.6666666666666666,0.25
baseline_b_late,5,ir,0.5,0,0.6666666666666666,0.5
baseline_b_late,5,ir,0.5,1,0.6666666666666666,0.3055555555555556
baseline_b_late,5,ir,0.5,2,0.6666666666666666,0.5
baseline_b_late,5,ir,0.5,3,0.6666666666666666,0.5277777777777778
baseline_b_late,5,ir,0.5,4,0.6666666666666666,0.5277777777777778
baseline_b_late,5,gas,0.0,0,0.6666666666666666,0.5
baseline_b_late,5,gas,0.0,1,0.6666666666666666,0.5
baseline_b_late,5,gas,0.0,2,0.6666666666666666,0.5
baseline_b_late,5,gas,0.0,3,0.6666666666666666,0.5
baseline_b_late,5,gas,0.0,4,0.6666666666666666,0.5
baseline_b_late,5,gas,0.1,0,0.6666666666666666,0.33333333333333337
baseline_b_late,5,gas,0.1,1,0.6666666666666666,0.638888888888889
baseline_b_late,5,gas,0.1,2,0.6666666666666666,0.5
baseline_b_late,5,gas,0.1,3,0.6666666666666666,0.47222222222222227
baseline_b_late,5,gas,0.1,4,0.6666666666666666,0.4166666666666667
baseline_b_late,5,gas,0.2,0,0.6666666666666666,0.4444444444444444
baseline_b_late,5,gas,0.2,1,0.6666666666666666,0.47222222222222227
baseline_b_late,5,gas,0.2,2,0.6666666666666666,0.41666666666666663
baseline_b_late,5,gas,0.2,3,0.6666666666666666,0.7777777777777779
baseline_b_late,5,gas,0.2,4,0.6666666666666666,0.6666666666666667
baseline_b_late,5,gas,0.3,0,0.6666666666666666,0.41666666666666663
baseline_b_late,5,gas,0.3,1,0.6666666666666666,0.3055555555555556
baseline_b_late,5,gas,0.3,2,0.6666666666666666,0.4444444444444445
baseline_b_late,5,gas,0.3,3,0.6666666666666666,0.3888888888888889
baseline_b_late,5,gas,0.3,4,0.6666666666666666,0.5277777777777778
baseline_b_late,5,gas,0.4,0,0.6666666666666666,0.19444444444444442
baseline_b_late,5,gas,0.4,1,0.6666666666666666,0.5277777777777778
baseline_b_late,5,gas,0.4,2,0.6666666666666666,0.6111111111111113
baseline_b_late,5,gas,0.4,3,0.6666666666666666,0.2777777777777778
baseline_b_late,5,gas,0.4,4,0.6666666666666666,0.5555555555555556
baseline_b_late,5,gas,0.5,0,0.6666666666666666,0.5555555555555556
baseline_b_late,5,gas,0.5,1,0.6666666666666666,0.36111111111111116
baseline_b_late,5,gas,0.5,2,0.6666666666666666,0.5833333333333334
baseline_b_late,5,gas,0.5,3,0.6666666666666666,0.38888888888888884
baseline_b_late,5,gas,0.5,4,0.6666666666666666,0.36111111111111116
baseline_b_late,5,joint,0.0,0,0.6666666666666666,0.5
baseline_b_late,5,joint,0.0,1,0.6666666666666666,0.5
baseline_b_late,5,joint,0.0,2,0.6666666666666666,0.5
baseline_b_late,5,joint,0.0,3,0.6666666666666666,0.5
baseline_b_late,5,joint,0.0,4,0.6666666666666666,0.5
baseline_b_late,5,joint,0.1,0,0.6666666666666666,0.5277777777777779
baseline_b_late,5,joint,0.1,1,0.6666666666666666,0.5555555555555556
baseline_b_late,5,joint,0.1,2,0.6666666666666666,0.4444444444444444
baseline_b_late,5,joint,0.1,3,0.6666666666666666,0.5833333333333333
baseline_b_late,5,joint,0.1,4,0.6666666666666666,0.6111111111111112
baseline_b_late,5,joint,0.2,0,0.6666666666666666,0.5277777777777778
baseline_b_late,5,joint,0.2,1,0.6666666666666666,0.6388888888888888
baseline_b_late,5,joint,0.2,2,0.6666666666666666,0.19444444444444445
baseline_b_late,5,joint,0.2,3,0.6666666666666666,0.3888888888888889
baseline_b_late,5,joint,0.2,4,0.6666666666666666,0.75
baseline_b_late,5,joint,0.3,0,0.6666666666666666,0.6111111111111112
baseline_b_late,5,joint,0.3,1,0.6666666666666666,0.41666666666666663
baseline_b_late,5,joint,0.3,2,0.6666666666666666,0.47222222222222215
baseline_b_late,5,joint,0.3,3,0.6666666666666666,0.4444444444444445
baseline_b_late,5,joint,0.3,4,0.6666666666666666,0.5
baseline_b_late,5,joint,0.4,0,0.6666666666666666,0.3055555555555556
baseline_b_late,5,joint,0.4,1,0.6666666666666666,0.7500000000000001
baseline_b_late,5,joint,0.4,2,0.6666666666666666,0.6944444444444445
baseline_b_late,5,joint,0.4,3,0.6666666666666666,0.4166666666666667
baseline_b_late,5,joint,0.4,4,0.6666666666666666,0.4027777777777778
baseline_b_late,5,joint,0.5,0,0.6666666666666666,0.7222222222222222
baseline_b_late,5,joint,0.5,1,0.6666666666666666,0.5694444444444444
baseline_b_late,5,joint,0.5,2,0.6666666666666666,0.0
baseline_b_late,5,joint,0.5,3,0.6666666666666666,0.45833333333333337
baseline_b_late,5,joint,0.5,4,0.6666666666666666,0.19444444444444442
baseline_b_late,6,rgb,0.0,0,0.6666666666666666,0.3333333333333333
baseline_b_late,6,rgb,0.0,1,0.6666666666666666,0.3333333333333333
baseline_b_late,6,rgb,0.0,2,0.6666666666666666,0.3333333333333333
baseline_b_late,6,rgb,0.0,3,0.6666666666666666,0.3333333333333333
baseline_b_late,6,rgb,0.0,4,0.6666666666666666,0.3333333333333333
baseline_b_late,6,rgb,0.1,0,0.6666666666666666,0.3333333333333333
baseline_b_late,6,rgb,0.1,1,0.6666666666666666,0.2777777777777778
baseline_b_late,6,rgb,0.1,2,0.6666666666666666,0.3055555555555556
baseline_b_late,6,rgb,0.1,3,0.6666666666666666,0.2777777777777778
baseline_b_late,6,rgb,0.1,4,0.6666666666666666,0.3333333333333333
baseline_b_late,6,rgb,0.2,0,0.6666666666666666,0.25
baseline_b_late,6,rgb,0.2,1,0.6666666666666666,0.33333333333333337
baseline_b_late,6,rgb,0.2,2,0.6666666666666666,0.5555555555555556
baseline_b_late,6,rgb,0.2,3,0.6666666666666666,0.2777777777777778
baseline_b_late,6,rgb,0.2,4,0.6666666666666666,0.16666666666666669
baseline_b_late,6,rgb,0.3,0,0.6666666666666666,0.33333333333333337
baseline_b_late,6,rgb,0.3,1,0.6666666666666666,0.1111111111111111
baseline_b_late,6,rgb,0.3,2,0.6666666666666666,0.2777777777777778
baseline_b_late,6,rgb,0.3,3,0.6666666666666666,0.6944444444444444
baseline_b_late,6,rgb,0.3,4,0.6666666666666666,0.5555555555555556
baseline_b_late,6,rgb,0.4,0,0.6666666666666666,0.2777777777777778
baseline_b_late,6,rgb,0.4,1,0.6666666666666666,0.25
baseline_b_late,6,rgb,0.4,2,0.6666666666666666,0.5277777777777777
baseline_b_late,6,rgb,0.4,3,0.6666666666666666,0.25
baseline_b_late,6,rgb,0.4,4,0.6666666666666666,0.4722222222222222
baseline_b_late,6,rgb,0.5,0,0.6666666666666666,0.4722222222222222
baseline_b_late,6,rgb,0.5,1,0.6666666666666666,0.6944444444444444
baseline_b_late,6,rgb,0.5,2,0.6666666666666666,0.36111111111111116
baseline_b_late,6,rgb,0.5,3,0.6666666666666666,0.4722222222222222
baseline_b_late,6,rgb,0.5,4,0.6666666666666666,0.2777777777777778
baseline_b_late,6,ir,0.0,0,0.6666666666666666,0.3333333333333333
baseline_b_late,6,ir,0.0,1,0.6666666666666666,0.3333333333333333
baseline_b_late,6,ir,0.0,2,0.6666666666666666,0.3333333333333333
baseline_b_late,6,ir,0.0,3,0.6666666666666666,0.3333333333333333
baseline_b_late,6,ir,0.0,4,0.6666666666666666,0.3333333333333333
baseline_b_late,6,ir,0.1,0,0.6666666666666666,0.1111111111111111
baseline_b_late,6,ir,0.1,1,0.6666666666666666,0.3055555555555556
baseline_b_late,6,ir,0.1,2,0.6666666666666666,0.3333333333333333
baseline_b_late,6,ir,0.1,3,0.6666666666666666,0.3333333333333333
baseline_b_late,6,ir,0.1,4,0.6666666666666666,0.3333333333333333
baseline_b_late,6,ir,0.2,0,0.6666666666666666,0.4444444444444444
baseline_b_late,6,ir,0.2,1,0.6666666666666666,0.24999999999999997
baseline_b_late,6,ir,0.2,2,0.6666666666666666,0.3055555555555555
baseline_b_late,6,ir,0.2,3,0.6666666666666666,0.41666666666666663
baseline_b_late,6,ir,0.2,4,0.6666666666666666,0.2777777777777778
baseline_b_late,6,ir,0.3,0,0.6666666666666666,0.3888888888888889
baseline_b_late,6,ir,0.3,1,0.6666666666666666,0.44444444444444453
baseline_b_late,6,ir,0.3,2,0.6666666666666666,0.16666666666666666
baseline_b_late,6,ir,0.3,3,0.6666666666666666,0.3055555555555556
baseline_b_late,6,ir,0.3,4,0.6666666666666666,0.05555555555555554
baseline_b_late,6,ir,0.4,0,0.6666666666666666,0.19444444444444445
baseline_b_late,6,ir,0.4,1,0.6666666666666666,0.4166666666666667
baseline_b_late,6,ir,0.4,2,0.6666666666666666,0.4444444444444444
baseline_b_late,6,ir,0.4,3,0.6666666666666666,0.41666666666666663
baseline_b_late,6,ir,0.4,4,0.6666666666666666,0.5
baseline_b_late,6,ir,0.5,0,0.6666666666666666,0.4722222222222222
baseline_b_late,6,ir,0.5,1,0.6666666666666666,0.6388888888888888
baseline_b_late,6,ir,0.5,2,0.6666666666666666,0.38888888888888895
baseline_b_late,6,ir,0.5,3,0.6666666666666666,0.5277777777777778
baseline_b_late,6,ir,0.5,4,0.6666666666666666,0.5277777777777777
baseline_b_late,6,gas,0.0,0,0.6666666666666666,0.3333333333333333
baseline_b_late,6,gas,0.0,1,0.6666666666666666,0.3333333333333333
baseline_b_late,6,gas,0.0,2,0.6666666666666666,0.3333333333333333
baseline_b_late,6,gas,0.0,3,0.6666666666666666,0.3333333333333333
baseline_b_late,6,gas,0.0,4,0.6666666666666666,0.3333333333333333
baseline_b_late,6,gas,0.1,0,0.6666666666666666,0.2222222222222222
baseline_b_late,6,gas,0.1,1,0.6666666666666666,0.3333333333333333
baseline_b_late,6,gas,0.1,2,0.6666666666666666,0.3333333333333333
baseline_b_late,6,gas,0.1,3,0.6666666666666666,0.3333333333333333
baseline_b_late,6,gas,0.1,4,0.6666666666666666,0.41666666666666663
baseline_b_late,6,gas,0.2,0,0.6666666666666666,0.1111111111111111
baseline_b_late,6,gas,0.2,1,0.6666666666666666,0.5833333333333334
baseline_b_late,6,gas,0.2,2,0.6666666666666666,0.3611111111111111
baseline_b_late,6,gas,0.2,3,0.6666666666666666,0.3055555555555556
baseline_b_late,6,gas,0.2,4,0.6666666666666666,0.38888888888888884
baseline_b_late,6,gas,0.3,0,0.6666666666666666,0.3055555555555555
baseline_b_late,6,gas,0.3,1,0.6666666666666666,0.3611111111111111
baseline_b_late,6,gas,0.3,2,0.6666666666666666,0.2777777777777778
baseline_b_late,6,gas,0.3,3,0.6666666666666666,0.25
baseline_b_late,6,gas,0.3,4,0.6666666666666666,0.16666666666666663
baseline_b_late,6,gas,0.4,0,0.6666666666666666,0.3333333333333333
baseline_b_late,6,gas,0.4,1,0.6666666666666666,0.4722222222222222
baseline_b_late,6,gas,0.4,2,0.6666666666666666,0.5555555555555556
baseline_b_late,6,gas,0.4,3,0.6666666666666666,0.38888888888888884
baseline_b_late,6,gas,0.4,4,0.6666666666666666,0.5
baseline_b_late,6,gas,0.5,0,0.6666666666666666,0.3888888888888889
baseline_b_late,6,gas,0.5,1,0.6666666666666666,0.4166666666666667
baseline_b_late,6,gas,0.5,2,0.6666666666666666,0.38888888888888884
baseline_b_late,6,gas,0.5,3,0.6666666666666666,0.5277777777777778
baseline_b_late,6,gas,0.5,4,0.6666666666666666,0.3611111111111111
baseline_b_late,6,joint,0.0,0,0.6666666666666666,0.3333333333333333
baseline_b_late,6,joint,0.0,1,0.6666666666666666,0.3333333333333333
baseline_b_late,6,joint,0.0,2,0.6666666666666666,0.3333333333333333
baseline_b_late,6,joint,0.0,3,0.6666666666666666,0.3333333333333333
baseline_b_late,6,joint,0.0,4,0.6666666666666666,0.3333333333333333
baseline_b_late,6,joint,0.1,0,0.6666666666666666,0.27777777777777773
baseline_b_late,6,joint,0.1,1,0.6666666666666666,0.5833333333333333
baseline_b_late,6,joint,0.1,2,0.6666666666666666,0.4444444444444445
baseline_b_late,6,joint,0.1,3,0.6666666666666666,0.4722222222222222
baseline_b_late,6,joint,0.1,4,0.6666666666666666,0.13888888888888887
baseline_b_late,6,joint,0.2,0,0.6666666666666666,0.4722222222222222
baseline_b_late,6,joint,0.2,1,0.6666666666666666,0.27777777777777773
baseline_b_late,6,joint,0.2,2,0.6666666666666666,0.25
baseline_b_late,6,joint,0.2,3,0.6666666666666666,0.4722222222222222
baseline_b_late,6,joint,0.2,4,0.6666666666666666,0.4722222222222222
baseline_b_late,6,joint,0.3,0,0.6666666666666666,0.6666666666666667
baseline_b_late,6,joint,0.3,1,0.6666666666666666,0.4166666666666667
baseline_b_late,6,joint,0.3,2,0.6666666666666666,0.5833333333333333
baseline_b_late,6,joint,0.3,3,0.6666666666666666,0.5277777777777778
baseline_b_late,6,joint,0.3,4,0.6666666666666666,0.3055555555555555
baseline_b_late,6,joint,0.4,0,0.6666666666666666,0.4722222222222222
baseline_b_late,6,joint,0.4,1,0.6666666666666666,0.38888888888888884
baseline_b_late,6,joint,0.4,2,0.6666666666666666,0.36111111111111105
baseline_b_late,6,joint,0.4,3,0.6666666666666666,0.4166666666666667
baseline_b_late,6,joint,0.4,4,0.6666666666666666,0.5
baseline_b_late,6,joint,0.5,0,0.6666666666666666,0.5277777777777778
baseline_b_late,6,joint,0.5,1,0.6666666666666666,0.4444444444444444
baseline_b_late,6,joint,0.5,2,0.6666666666666666,0.4722222222222222
baseline_b_late,6,joint,0.5,3,0.6666666666666666,0.7777777777777778
baseline_b_late,6,joint,0.5,4,0.6666666666666666,0.5833333333333333
baseline_b_late,7,rgb,0.0,0,0.6666666666666666,0.44444444444444453
baseline_b_late,7,rgb,0.0,1,0.6666666666666666,0.44444444444444453
baseline_b_late,7,rgb,0.0,2,0.6666666666666666,0.44444444444444453
baseline_b_late,7,rgb,0.0,3,0.6666666666666666,0.44444444444444453
baseline_b_late,7,rgb,0.0,4,0.6666666666666666,0.44444444444444453
baseline_b_late,7,rgb,0.1,0,0.6666666666666666,0.44444444444444453
baseline_b_late,7,rgb,0.1,1,0.6666666666666666,0.4166666666666667
baseline_b_late,7,rgb,0.1,2,0.6666666666666666,0.44444444444444453
baseline_b_late,7,rgb,0.1,3,0.6666666666666666,0.47222222222222227
baseline_b_late,7,rgb,0.1,4,0.6666666666666666,0.44444444444444453
baseline_b_late,7,rgb,0.2,0,0.6666666666666666,0.47222222222222227
baseline_b_late,7,rgb,0.2,1,0.6666666666666666,0.4166666666666667
baseline_b_late,7,rgb,0.2,2,0.6666666666666666,0.41666666666666674
baseline_b_late,7,rgb,0.2,3,0.6666666666666666,0.44444444444444453
baseline_b_late,7,rgb,0.2,4,0.6666666666666666,0.47222222222222227
baseline_b_late,7,rgb,0.3,0,0.6666666666666666,0.5277777777777779
baseline_b_late,7,rgb,0.3,1,0.6666666666666666,0.5555555555555556
baseline_b_late,7,rgb,0.3,2,0.6666666666666666,0.41666666666666674
baseline_b_late,7,rgb,0.3,3,0.6666666666666666,0.3888888888888889
baseline_b_late,7,rgb,0.3,4,0.6666666666666666,0.3055555555555556
baseline_b_late,7,rgb,0.4,0,0.6666666666666666,0.4166666666666667
baseline_b_late,7,rgb,0.4,1,0.6666666666666666,0.38888888888888895
baseline_b_late,7,rgb,0.4,2,0.6666666666666666,0.5277777777777779
baseline_b_late,7,rgb,0.4,3,0.6666666666666666,0.4444444444444444
baseline_b_late,7,rgb,0.4,4,0.6666666666666666,0.4166666666666667
baseline_b_late,7,rgb,0.5,0,0.6666666666666666,0.38888888888888884
baseline_b_late,7,rgb,0.5,1,0.6666666666666666,0.41666666666666663
baseline_b_late,7,rgb,0.5,2,0.6666666666666666,0.4444444444444444
baseline_b_late,7,rgb,0.5,3,0.6666666666666666,0.5
baseline_b_late,7,rgb,0.5,4,0.6666666666666666,0.36111111111111105
baseline_b_late,7,ir,0.0,0,0.6666666666666666,0.44444444444444453
baseline_b_late,7,ir,0.0,1,0.6666666666666666,0.44444444444444453
baseline_b_late,7,ir,0.0,2,0.6666666666666666,0.44444444444444453
baseline_b_late,7,ir,0.0,3,0.6666666666666666,0.44444444444444453
baseline_b_late,7,ir,0.0,4,0.6666666666666666,0.44444444444444453
baseline_b_late,7,ir,0.1,0,0.6666666666666666,0.5555555555555556
baseline_b_late,7,ir,0.1,1,0.6666666666666666,0.5555555555555556
baseline_b_late,7,ir,0.1,2,0.6666666666666666,0.5
baseline_b_late,7,ir,0.1,3,0.6666666666666666,0.47222222222222227
baseline_b_late,7,ir,0.1,4,0.6666666666666666,0.4722222222222222
baseline_b_late,7,ir,0.2,0,0.6666666666666666,0.49999999999999994
baseline_b_late,7,ir,0.2,1,0.6666666666666666,0.5833333333333334
baseline_b_late,7,ir,0.2,2,0.6666666666666666,0.47222222222222227
baseline_b_late,7,ir,0.2,3,0.6666666666666666,0.4444444444444444
baseline_b_late,7,ir,0.2,4,0.6666666666666666,0.4444444444444444
baseline_b_late,7,ir,0.3,0,0.6666666666666666,0.36111111111111116
baseline_b_late,7,ir,0.3,1,0.6666666666666666,0.4444444444444444
baseline_b_late,7,ir,0.3,2,0.6666666666666666,0.5
baseline_b_late,7,ir,0.3,3,0.6666666666666666,0.5277777777777778
baseline_b_late,7,ir,0.3,4,0.6666666666666666,0.3055555555555555
baseline_b_late,7,ir,0.4,0,0.6666666666666666,0.6944444444444444
baseline_b_late,7,ir,0.4,1,0.6666666666666666,0.5277777777777778
baseline_b_late,7,ir,0.4,2,0.6666666666666666,0.5833333333333333
baseline_b_late,7,ir,0.4,3,0.6666666666666666,0.11111111111111112
baseline_b_late,7,ir,0.4,4,0.6666666666666666,0.47222222222222227
baseline_b_late,7,ir,0.5,0,0.6666666666666666,0.5833333333333334
baseline_b_late,7,ir,0.5,1,0.6666666666666666,0.5
baseline_b_late,7,ir,0.5,2,0.6666666666666666,0.6111111111111112
baseline_b_late,7,ir,0.5,3,0.6666666666666666,0.6111111111111112
baseline_b_late,7,ir,0.5,4,0.6666666666666666,0.5
baseline_b_late,7,gas,0.0,0,0.6666666666666666,0.44444444444444453
baseline_b_late,7,gas,0.0,1,0.6666666666666666,0.44444444444444453
baseline_b_late,7,gas,0.0,2,0.6666666666666666,0.44444444444444453
baseline_b_late,7,gas,0.0,3,0.6666666666666666,0.44444444444444453
baseline_b_late,7,gas,0.0,4,0.6666666666666666,0.44444444444444453
baseline_b_late,7,gas,0.1,0,0.6666666666666666,0.5000000000000001
baseline_b_late,7,gas,0.1,1,0.6666666666666666,0.44444444444444453
baseline_b_late,7,gas,0.1,2,0.6666666666666666,0.5277777777777778
baseline_b_late,7,gas,0.1,3,0.6666666666666666,0.44444444444444453
baseline_b_late,7,gas,0.1,4,0.6666666666666666,0.44444444444444453
baseline_b_late,7,gas,0.2,0,0.6666666666666666,0.44444444444444453
baseline_b_late,7,gas,0.2,1,0.6666666666666666,0.44444444444444453
baseline_b_late,7,gas,0.2,2,0.6666666666666666,0.25
baseline_b_late,7,gas,0.2,3,0.6666666666666666,0.5555555555555556
baseline_b_late,7,gas,0.2,4,0.6666666666666666,0.47222222222222227
baseline_b_late,7,gas,0.3,0,0.6666666666666666,0.3055555555555556
baseline_b_late,7,gas,0.3,1,0.6666666666666666,0.47222222222222227
baseline_b_late,7,gas,0.3,2,0.6666666666666666,0.5277777777777778
baseline_b_late,7,gas,0.3,3,0.6666666666666666,0.5
baseline_b_late,7,gas,0.3,4,0.6666666666666666,0.4444444444444445
baseline_b_late,7,gas,0.4,0,0.6666666666666666,0.3055555555555556
baseline_b_late,7,gas,0.4,1,0.6666666666666666,0.47222222222222227
baseline_b_late,7,gas,0.4,2,0.6666666666666666,0.5277777777777779
baseline_b_late,7,gas,0.4,3,0.6666666666666666,0.5277777777777778
baseline_b_late,7,gas,0.4,4,0.6666666666666666,0.5000000000000001
baseline_b_late,7,gas,0.5,0,0.6666666666666666,0.47222222222222227
baseline_b_late,7,gas,0.5,1,0.6666666666666666,0.5277777777777778
baseline_b_late,7,gas,0.5,2,0.6666666666666666,0.4722222222222222
baseline_b_late,7,gas,0.5,3,0.6666666666666666,0.5277777777777779
baseline_b_late,7,gas,0.5,4,0.6666666666666666,0.5277777777777778
baseline_b_late,7,joint,0.0,0,0.6666666666666666,0.44444444444444453
baseline_b_late,7,joint,0.0,1,0.6666666666666666,0.44444444444444453
baseline_b_late,7,joint,0.0,2,0.6666666666666666,0.44444444444444453
baseline_b_late,7,joint,0.0,3,0.6666666666666666,0.44444444444444453
baseline_b_late,7,joint,0.0,4,0.6666666666666666,0.44444444444444453
baseline_b_late,7,joint,0.1,0,0.6666666666666666,0.5277777777777779
baseline_b_late,7,joint,0.1,1,0.6666666666666666,0.4722222222222222
baseline_b_late,7,joint,0.1,2,0.6666666666666666,0.6111111111111112
baseline_b_late,7,joint,0.1,3,0.6666666666666666,0.4444444444444444
baseline_b_late,7,joint,0.1,4,0.6666666666666666,0.41666666666666674
baseline_b_late,7,joint,0.2,0,0.6666666666666666,0.4722222222222222
baseline_b_late,7,joint,0.2,1,0.6666666666666666,0.6111111111111112
baseline_b_late,7,joint,0.2,2,0.6666666666666666,0.33333333333333337
baseline_b_late,7,joint,0.2,3,0.6666666666666666,0.5277777777777778
baseline_b_late,7,joint,0.2,4,0.6666666666666666,0.3333333333333333
baseline_b_late,7,joint,0.3,0,0.6666666666666666,0.3888888888888889
baseline_b_late,7,joint,0.3,1,0.6666666666666666,0.5277777777777778
baseline_b_late,7,joint,0.3,2,0.6666666666666666,0.5833333333333334
baseline_b_late,7,joint,0.3,3,0.6666666666666666,0.7777777777777779
baseline_b_late,7,joint,0.3,4,0.6666666666666666,0.4722222222222222
baseline_b_late,7,joint,0.4,0,0.6666666666666666,0.4444444444444444
baseline_b_late,7,joint,0.4,1,0.6666666666666666,0.5833333333333334
baseline_b_late,7,joint,0.4,2,0.6666666666666666,0.1388888888888889
baseline_b_late,7,joint,0.4,3,0.6666666666666666,0.4166666666666667
baseline_b_late,7,joint,0.4,4,0.6666666666666666,0.25
baseline_b_late,7,joint,0.5,0,0.6666666666666666,0.5416666666666667
baseline_b_late,7,joint,0.5,1,0.6666666666666666,0.5694444444444444
baseline_b_late,7,joint,0.5,2,0.6666666666666666,0.6388888888888888
baseline_b_late,7,joint,0.5,3,0.6666666666666666,0.4722222222222222
baseline_b_late,7,joint,0.5,4,0.6666666666666666,0.4722222222222222
baseline_b_late,8,rgb,0.0,0,0.6666666666666666,0.5833333333333334
baseline_b_late,8,rgb,0.0,1,0.6666666666666666,0.5833333333333334
baseline_b_late,8,rgb,0.0,2,0.6666666666666666,0.5833333333333334
baseline_b_late,8,rgb,0.0,3,0.6666666666666666,0.5833333333333334
baseline_b_late,8,rgb,0.0,4,0.6666666666666666,0.5833333333333334
baseline_b_late,8,rgb,0.1,0,0.6666666666666666,0.5555555555555556
baseline_b_late,8,rgb,0.1,1,0.6666666666666666,0.5555555555555556
baseline_b_late,8,rgb,0.1,2,0.6666666666666666,0.5833333333333334
baseline_b_late,8,rgb,0.1,3,0.6666666666666666,0.5833333333333334
baseline_b_late,8,rgb,0.1,4,0.6666666666666666,0.6111111111111112
baseline_b_late,8,rgb,0.2,0,0.6666666666666666,0.5555555555555556
baseline_b_late,8,rgb,0.2,1,0.6666666666666666,0.5833333333333334
baseline_b_late,8,rgb,0.2,2,0.6666666666666666,0.6388888888888888
baseline_b_late,8,rgb,0.2,3,0.6666666666666666,0.5555555555555556
baseline_b_late,8,rgb,0.2,4,0.6666666666666666,0.6111111111111112
baseline_b_late,8,rgb,0.3,0,0.6666666666666666,0.5833333333333334
baseline_b_late,8,rgb,0.3,1,0.6666666666666666,0.5555555555555556
baseline_b_late,8,rgb,0.3,2,0.6666666666666666,0.5833333333333334
baseline_b_late,8,rgb,0.3,3,0.6666666666666666,0.6388888888888888
baseline_b_late,8,rgb,0.3,4,0.6666666666666666,0.6666666666666667
baseline_b_late,8,rgb,0.4,0,0.6666666666666666,0.638888888888889
baseline_b_late,8,rgb,0.4,1,0.6666666666666666,0.4722222222222223
baseline_b_late,8,rgb,0.4,2,0.6666666666666666,0.41666666666666663
baseline_b_late,8,rgb,0.4,3,0.6666666666666666,0.638888888888889
baseline_b_late,8,rgb,0.4,4,0.6666666666666666,0.5833333333333334
baseline_b_late,8,rgb,0.5,0,0.6666666666666666,0.41666666666666663
baseline_b_late,8,rgb,0.5,1,0.6666666666666666,0.6111111111111112
baseline_b_late,8,rgb,0.5,2,0.6666666666666666,0.638888888888889
baseline_b_late,8,rgb,0.5,3,0.6666666666666666,0.5555555555555556
baseline_b_late,8,rgb,0.5,4,0.6666666666666666,0.6944444444444444
baseline_b_late,8,ir,0.0,0,0.6666666666666666,0.5833333333333334
baseline_b_late,8,ir,0.0,1,0.6666666666666666,0.5833333333333334
baseline_b_late,8,ir,0.0,2,0.6666666666666666,0.5833333333333334
baseline_b_late,8,ir,0.0,3,0.6666666666666666,0.5833333333333334
baseline_b_late,8,ir,0.0,4,0.6666666666666666,0.5833333333333334
baseline_b_late,8,ir,0.1,0,0.6666666666666666,0.5833333333333334
baseline_b_late,8,ir,0.1,1,0.6666666666666666,0.5277777777777777
baseline_b_late,8,ir,0.1,2,0.6666666666666666,0.6111111111111112
baseline_b_late,8,ir,0.1,3,0.6666666666666666,0.5277777777777777
baseline_b_late,8,ir,0.1,4,0.6666666666666666,0.6111111111111112
baseline_b_late,8,ir,0.2,0,0.6666666666666666,0.6111111111111112
baseline_b_late,8,ir,0.2,1,0.6666666666666666,0.638888888888889
baseline_b_late,8,ir,0.2,2,0.6666666666666666,0.5277777777777778
baseline_b_late,8,ir,0.2,3,0.6666666666666666,0.5
baseline_b_late,8,ir,0.2,4,0.6666666666666666,0.5833333333333333
baseline_b_late,8,ir,0.3,0,0.6666666666666666,0.5
baseline_b_late,8,ir,0.3,1,0.6666666666666666,0.3888888888888889
baseline_b_late,8,ir,0.3,2,0.6666666666666666,0.3611111111111111
baseline_b_late,8,ir,0.3,3,0.6666666666666666,0.5277777777777777
baseline_b_late,8,ir,0.3,4,0.6666666666666666,0.36111111111111116
baseline_b_late,8,ir,0.4,0,0.6666666666666666,0.5833333333333333
baseline_b_late,8,ir,0.4,1,0.6666666666666666,0.4166666666666667
baseline_b_late,8,ir,0.4,2,0.6666666666666666,0.4444444444444445
baseline_b_late,8,ir,0.4,3,0.6666666666666666,0.41666666666666663
baseline_b_late,8,ir,0.4,4,0.6666666666666666,0.38888888888888895
baseline_b_late,8,ir,0.5,0,0.6666666666666666,0.41666666666666663
baseline_b_late,8,ir,0.5,1,0.6666666666666666,0.5555555555555556
baseline_b_late,8,ir,0.5,2,0.6666666666666666,0.5555555555555556
baseline_b_late,8,ir,0.5,3,0.6666666666666666,0.33333333333333337
baseline_b_late,8,ir,0.5,4,0.6666666666666666,0.5277777777777777
baseline_b_late,8,gas,0.0,0,0.6666666666666666,0.5833333333333334
baseline_b_late,8,gas,0.0,1,0.6666666666666666,0.5833333333333334
baseline_b_late,8,gas,0.0,2,0.6666666666666666,0.5833333333333334
baseline_b_late,8,gas,0.0,3,0.6666666666666666,0.5833333333333334
baseline_b_late,8,gas,0.0,4,0.6666666666666666,0.5833333333333334
baseline_b_late,8,gas,0.1,0,0.6666666666666666,0.5833333333333334
baseline_b_late,8,gas,0.1,1,0.6666666666666666,0.6111111111111112
baseline_b_late,8,gas,0.1,2,0.6666666666666666,0.638888888888889
baseline_b_late,8,gas,0.1,3,0.6666666666666666,0.5833333333333334
baseline_b_late,8,gas,0.1,4,0.6666666666666666,0.5833333333333334
baseline_b_late,8,gas,0.2,0,0.6666666666666666,0.5555555555555556
baseline_b_late,8,gas,0.2,1,0.6666666666666666,0.5555555555555556
baseline_b_late,8,gas,0.2,2,0.6666666666666666,0.5277777777777778
baseline_b_late,8,gas,0.2,3,0.6666666666666666,0.5555555555555556
baseline_b_late,8,gas,0.2,4,0.6666666666666666,0.6111111111111112
baseline_b_late,8,gas,0.3,0,0.6666666666666666,0.6111111111111112
baseline_b_late,8,gas,0.3,1,0.6666666666666666,0.6388888888888888
baseline_b_late,8,gas,0.3,2,0.6666666666666666,0.6388888888888888
baseline_b_late,8,gas,0.3,3,0.6666666666666666,0.5833333333333334
baseline_b_late,8,gas,0.3,4,0.6666666666666666,0.6111111111111112
baseline_b_late,8,gas,0.4,0,0.6666666666666666,0.6111111111111112
baseline_b_late,8,gas,0.4,1,0.6666666666666666,0.6111111111111112
baseline_b_late,8,gas,0.4,2,0.6666666666666666,0.5833333333333333
baseline_b_late,8,gas,0.4,3,0.6666666666666666,0.5833333333333334
baseline_b_late,8,gas,0.4,4,0.6666666666666666,0.6666666666666667
baseline_b_late,8,gas,0.5,0,0.6666666666666666,0.6111111111111112
baseline_b_late,8,gas,0.5,1,0.6666666666666666,0.5555555555555556
baseline_b_late,8,gas,0.5,2,0.6666666666666666,0.6944444444444445
baseline_b_late,8,gas,0.5,3,0.6666666666666666,0.5555555555555556
baseline_b_late,8,gas,0.5,4,0.6666666666666666,0.6944444444444444
baseline_b_late,8,joint,0.0,0,0.6666666666666666,0.5833333333333334
baseline_b_late,8,joint,0.0,1,0.6666666666666666,0.5833333333333334
baseline_b_late,8,joint,0.0,2,0.6666666666666666,0.5833333333333334
baseline_b_late,8,joint,0.0,3,0.6666666666666666,0.5833333333333334
baseline_b_late,8,joint,0.0,4,0.6666666666666666,0.5833333333333334
baseline_b_late,8,joint,0.1,0,0.6666666666666666,0.6666666666666667
baseline_b_late,8,joint,0.1,1,0.6666666666666666,0.5
baseline_b_late,8,joint,0.1,2,0.6666666666666666,0.5
baseline_b_late,8,joint,0.1,3,0.6666666666666666,0.5
baseline_b_late,8,joint,0.1,4,0.6666666666666666,0.6111111111111112
baseline_b_late,8,joint,0.2,0,0.6666666666666666,0.5
baseline_b_late,8,joint,0.2,1,0.6666666666666666,0.36111111111111105
baseline_b_late,8,joint,0.2,2,0.6666666666666666,0.6666666666666667
baseline_b_late,8,joint,0.2,3,0.6666666666666666,0.5833333333333334
baseline_b_late,8,joint,0.2,4,0.6666666666666666,0.7777777777777779
baseline_b_late,8,joint,0.3,0,0.6666666666666666,0.33333333333333337
baseline_b_late,8,joint,0.3,1,0.6666666666666666,0.36111111111111116
baseline_b_late,8,joint,0.3,2,0.6666666666666666,0.5833333333333334
baseline_b_late,8,joint,0.3,3,0.6666666666666666,0.02777777777777777
baseline_b_late,8,joint,0.3,4,0.6666666666666666,0.41666666666666663
baseline_b_late,8,joint,0.4,0,0.6666666666666666,0.4722222222222222
baseline_b_late,8,joint,0.4,1,0.6666666666666666,0.3472222222222222
baseline_b_late,8,joint,0.4,2,0.6666666666666666,0.6111111111111112
baseline_b_late,8,joint,0.4,3,0.6666666666666666,0.6944444444444445
baseline_b_late,8,joint,0.4,4,0.6666666666666666,0.7222222222222223
baseline_b_late,8,joint,0.5,0,0.6666666666666666,0.3194444444444445
baseline_b_late,8,joint,0.5,1,0.6666666666666666,0.2638888888888889
baseline_b_late,8,joint,0.5,2,0.6666666666666666,0.4444444444444444
baseline_b_late,8,joint,0.5,3,0.6666666666666666,0.6944444444444444
baseline_b_late,8,joint,0.5,4,0.6666666666666666,0.9166666666666667
baseline_b_late,9,rgb,0.0,0,0.6666666666666666,0.4166666666666667
baseline_b_late,9,rgb,0.0,1,0.6666666666666666,0.4166666666666667
baseline_b_late,9,rgb,0.0,2,0.6666666666666666,0.4166666666666667
baseline_b_late,9,rgb,0.0,3,0.6666666666666666,0.4166666666666667
baseline_b_late,9,rgb,0.0,4,0.6666666666666666,0.4166666666666667
baseline_b_late,9,rgb,0.1,0,0.5714285714285714,0.38888888888888895
baseline_b_late,9,rgb,0.1,1,0.6153846153846154,0.47222222222222227
baseline_b_late,9,rgb,0.1,2,0.6666666666666666,0.4166666666666667
baseline_b_late,9,rgb,0.1,3,0.6153846153846154,0.41666666666666663
baseline_b_late,9,rgb,0.1,4,0.5714285714285714,0.3611111111111111
baseline_b_late,9,rgb,0.2,0,0.6153846153846154,0.5277777777777779
baseline_b_late,9,rgb,0.2,1,0.46153846153846156,0.3611111111111111
baseline_b_late,9,rgb,0.2,2,0.6666666666666666,0.5555555555555556
baseline_b_late,9,rgb,0.2,3,0.6153846153846154,0.47222222222222227
baseline_b_late,9,rgb,0.2,4,0.6153846153846154,0.5277777777777778
baseline_b_late,9,rgb,0.3,0,0.6666666666666666,0.6388888888888888
baseline_b_late,9,rgb,0.3,1,0.7142857142857143,0.47222222222222227
baseline_b_late,9,rgb,0.3,2,0.6666666666666666,0.5
baseline_b_late,9,rgb,0.3,3,0.5,0.3611111111111111
baseline_b_late,9,rgb,0.3,4,0.6153846153846154,0.4722222222222222
baseline_b_late,9,rgb,0.4,0,0.2222222222222222,0.38888888888888884
baseline_b_late,9,rgb,0.4,1,0.5714285714285714,0.4166666666666667
baseline_b_late,9,rgb,0.4,2,0.4444444444444444,0.6944444444444444
baseline_b_late,9,rgb,0.4,3,0.36363636363636365,0.3888888888888889
baseline_b_late,9,rgb,0.4,4,0.5,0.3888888888888889
baseline_b_late,9,rgb,0.5,0,0.46153846153846156,0.2777777777777778
baseline_b_late,9,rgb,0.5,1,0.5,0.6944444444444445
baseline_b_late,9,rgb,0.5,2,0.5,0.5277777777777778
baseline_b_late,9,rgb,0.5,3,0.5,0.3055555555555556
baseline_b_late,9,rgb,0.5,4,0.4,0.4722222222222222
baseline_b_late,9,ir,0.0,0,0.6666666666666666,0.4166666666666667
baseline_b_late,9,ir,0.0,1,0.6666666666666666,0.4166666666666667
baseline_b_late,9,ir,0.0,2,0.6666666666666666,0.4166666666666667
baseline_b_late,9,ir,0.0,3,0.6666666666666666,0.4166666666666667
baseline_b_late,9,ir,0.0,4,0.6666666666666666,0.4166666666666667
baseline_b_late,9,ir,0.1,0,0.6666666666666666,0.4166666666666667
baseline_b_late,9,ir,0.1,1,0.6666666666666666,0.6388888888888888
baseline_b_late,9,ir,0.1,2,0.6666666666666666,0.4722222222222222
baseline_b_late,9,ir,0.1,3,0.6666666666666666,0.4166666666666667
baseline_b_late,9,ir,0.1,4,0.6666666666666666,0.33333333333333337
baseline_b_late,9,ir,0.2,0,0.6666666666666666,0.638888888888889
baseline_b_late,9,ir,0.2,1,0.625,0.41666666666666663
baseline_b_late,9,ir,0.2,2,0.6666666666666666,0.4444444444444445
baseline_b_late,9,ir,0.2,3,0.625,0.3888888888888889
baseline_b_late,9,ir,0.2,4,0.75,0.638888888888889
baseline_b_late,9,ir,0.3,0,0.6666666666666666,0.4722222222222222
baseline_b_late,9,ir,0.3,1,0.625,0.2777777777777778
baseline_b_late,9,ir,0.3,2,0.6666666666666666,0.4444444444444445
baseline_b_late,9,ir,0.3,3,0.5882352941176471,0.3055555555555555
baseline_b_late,9,ir,0.3,4,0.7058823529411765,0.38888888888888884
baseline_b_late,9,ir,0.4,0,0.625,0.24999999999999994
baseline_b_late,9,ir,0.4,1,0.6666666666666666,0.36111111111111116
baseline_b_late,9,ir,0.4,2,0.75,0.4444444444444445
baseline_b_late,9,ir,0.4,3,0.6666666666666666,0.3611111111111111
baseline_b_late,9,ir,0.4,4,0.75,0.5
baseline_b_late,9,ir,0.5,0,0.625,0.4444444444444444
baseline_b_late,9,ir,0.5,1,0.625,0.36111111111111105
baseline_b_late,9,ir,0.5,2,0.625,0.5
baseline_b_late,9,ir,0.5,3,0.7058823529411765,0.5277777777777777
baseline_b_late,9,ir,0.5,4,0.6666666666666666,0.16666666666666666
baseline_b_late,9,gas,0.0,0,0.6666666666666666,0.4166666666666667
baseline_b_late,9,gas,0.0,1,0.6666666666666666,0.4166666666666667
baseline_b_late,9,gas,0.0,2,0.6666666666666666,0.4166666666666667
baseline_b_late,9,gas,0.0,3,0.6666666666666666,0.4166666666666667
baseline_b_late,9,gas,0.0,4,0.6666666666666666,0.4166666666666667
baseline_b_late,9,gas,0.1,0,0.75,0.5833333333333333
baseline_b_late,9,gas,0.1,1,0.625,0.2777777777777778
baseline_b_late,9,gas,0.1,2,0.6666666666666666,0.4166666666666667
baseline_b_late,9,gas,0.1,3,0.6666666666666666,0.4166666666666667
baseline_b_late,9,gas,0.1,4,0.75,0.5277777777777778
baseline_b_late,9,gas,0.2,0,0.6666666666666666,0.5
baseline_b_late,9,gas,0.2,1,0.625,0.4444444444444444
baseline_b_late,9,gas,0.2,2,0.6666666666666666,0.4166666666666667
baseline_b_late,9,gas,0.2,3,0.625,0.25
baseline_b_late,9,gas,0.2,4,0.6666666666666666,0.4166666666666667
baseline_b_late,9,gas,0.3,0,0.6666666666666666,0.4722222222222222
baseline_b_late,9,gas,0.3,1,0.6666666666666666,0.5277777777777778
baseline_b_late,9,gas,0.3,2,0.7058823529411765,0.38888888888888884
baseline_b_late,9,gas,0.3,3,0.75,0.7222222222222222
baseline_b_late,9,gas,0.3,4,0.625,0.4722222222222222
baseline_b_late,9,gas,0.4,0,0.6666666666666666,0.5277777777777777
baseline_b_late,9,gas,0.4,1,0.6666666666666666,0.3888888888888889
baseline_b_late,9,gas,0.4,2,0.6666666666666666,0.2222222222222222
baseline_b_late,9,gas,0.4,3,0.6666666666666666,0.4166666666666667
baseline_b_late,9,gas,0.4,4,0.75,0.5555555555555556
baseline_b_late,9,gas,0.5,0,0.7058823529411765,0.6388888888888888
baseline_b_late,9,gas,0.5,1,0.625,0.5277777777777778
baseline_b_late,9,gas,0.5,2,0.625,0.36111111111111116
baseline_b_late,9,gas,0.5,3,0.6666666666666666,0.36111111111111116
baseline_b_late,9,gas,0.5,4,0.75,0.6388888888888888
baseline_b_late,9,joint,0.0,0,0.6666666666666666,0.4166666666666667
baseline_b_late,9,joint,0.0,1,0.6666666666666666,0.4166666666666667
baseline_b_late,9,joint,0.0,2,0.6666666666666666,0.4166666666666667
baseline_b_late,9,joint,0.0,3,0.6666666666666666,0.4166666666666667
baseline_b_late,9,joint,0.0,4,0.6666666666666666,0.4166666666666667
baseline_b_late,9,joint,0.1,0,0.5333333333333333,0.19444444444444442
baseline_b_late,9,joint,0.1,1,0.6666666666666666,0.5555555555555556
baseline_b_late,9,joint,0.1,2,0.5882352941176471,0.25
baseline_b_late,9,joint,0.1,3,0.75,0.5555555555555556
baseline_b_late,9,joint,0.1,4,0.6666666666666666,0.5277777777777778
baseline_b_late,9,joint,0.2,0,0.75,0.6666666666666667
baseline_b_late,9,joint,0.2,1,0.5714285714285714,0.33333333333333337
baseline_b_late,9,joint,0.2,2,0.5,0.25
baseline_b_late,9,joint,0.2,3,0.5714285714285714,0.4166666666666667
baseline_b_late,9,joint,0.2,4,0.5714285714285714,0.5
baseline_b_late,9,joint,0.3,0,0.5882352941176471,0.3055555555555556
baseline_b_late,9,joint,0.3,1,0.46153846153846156,0.4722222222222222
baseline_b_late,9,joint,0.3,2,0.7058823529411765,0.36111111111111105
baseline_b_late,9,joint,0.3,3,0.7142857142857143,0.638888888888889
baseline_b_late,9,joint,0.3,4,0.36363636363636365,0.33333333333333326
baseline_b_late,9,joint,0.4,0,0.6666666666666666,0.47222222222222227
baseline_b_late,9,joint,0.4,1,0.46153846153846156,0.44444444444444453
baseline_b_late,9,joint,0.4,2,0.625,0.3055555555555556
baseline_b_late,9,joint,0.4,3,0.5454545454545454,0.5833333333333333
baseline_b_late,9,joint,0.4,4,0.5,0.38888888888888895
baseline_b_late,9,joint,0.5,0,0.5,0.5833333333333333
baseline_b_late,9,joint,0.5,1,0.4,0.5833333333333334
baseline_b_late,9,joint,0.5,2,0.2,0.2638888888888889
baseline_b_late,9,joint,0.5,3,0.3076923076923077,0.41666666666666663
baseline_b_late,9,joint,0.5,4,0.6,0.6527777777777778
